1,RBR,NULL,Christian Horner,Team Principal,2021
2,RBR,NULL,Pierre Waché,Technical Director,2021
3,RBR,NULL,Hannah Schmitz,Chief Strategist,2021
4,RBR,10,Gianpiero Lambiase,Race Engineer,2021
5,RBR,17,Hugh Bird,Race Engineer,2021
6,MER,NULL,Toto Wolff,Team Principal,2021
7,MER,NULL,Mike Elliott,Technical Director,2021
8,MER,NULL,James Vowles,Chief Strategist,2021
9,MER,18,Riccardo Musconi,Race Engineer,2021
10,MER,11,Peter Bonnington,Race Engineer,2021
11,FER,NULL,Mattia Binotto,Team Principal,2021
12,FER,NULL,Enrico Cardile,Technical Director,2021
13,FER,NULL,Inaki Rueda,Chief Strategist,2021
14,FER,12,Xavier Marcos Padros,Race Engineer,2021
15,FER,21,Riccardo Adami,Race Engineer,2021
16,MCL,NULL,Andreas Seidl,Team Principal,2021
17,MCL,NULL,James Key,Technical Director,2021
18,MCL,NULL,Randeep Singh,Chief Strategist,2021
19,MCL,16,Will Joseph,Race Engineer,2021
20,MCL,20,Tom Stallard,Race Engineer,2021
21,ALP,NULL,Brivio,Team Principal,2021
22,ALP,NULL,Marcin Budkowski,Technical Director,2021
23,ALP,NULL,Alan Permane,Chief Strategist,2021
24,ALP,25,Karel Loos,Race Engineer,2021
25,ALP,24,Josh Peckett,Race Engineer,2021
26,WIL,NULL,Jost Capito,Team Principal,2021
27,WIL,NULL,Francois-Xavier Demaison,Technical Director,2021
28,WIL,NULL,NULL,Chief Strategist,2021
29,WIL,22,James Urwin,Race Engineer,2021
30,WIL,31,Gaetan Jego,Race Engineer,2021
31,AMR,NULL,Otmar Szafnauer,Team Principal,2021
32,AMR,NULL,Andrew Green,Technical Director,2021
33,AMR,NULL,Andy Cowell,Chief Strategist,2021
34,AMR,32,Marcus Dudley,Race Engineer,2021
35,AMR,26,Brad,Race Engineer,2021
36,AT,NULL,Franz Tost,Team Principal,2021
37,AT,NULL,Jody Egginton,Technical Director,2021
38,AT,NULL,NULL,Chief Strategist,2021
39,AT,8,Pierre Hamelin,Race Engineer,2021
40,AT,23,Mattia Spini,Race Engineer,2021
41,SAU,NULL,Frédéric Vasseur,Team Principal,2021
42,SAU,NULL,Jan Monchaux,Technical Director,2021
43,SAU,NULL,Ruth Buscombe,Chief Strategist,2021
44,SAU,33,Julien Simon-Chautemps,Race Engineer,2021
45,SAU,34,Luca Baldisserri,Race Engineer,2021
46,HAS,NULL,Guenther Steiner,Team Principal,2021
47,HAS,NULL,Simone Resta,Technical Director,2021
48,HAS,NULL,NULL,Chief Strategist,2021
49,HAS,30,Gary Gannon,Race Engineer,2021
50,HAS,36,Dominic Haines,Race Engineer,2021
51,RBR,NULL,Christian Horner,Team Principal,2022
52,RBR,NULL,Pierre Waché,Technical Director,2022
53,RBR,NULL,Hannah Schmitz,Chief Strategist,2022
54,RBR,10,Gianpiero Lambiase,Race Engineer,2022
55,RBR,17,Hugh Bird,Race Engineer,2022
56,MER,NULL,Toto Wolff,Team Principal,2022
57,MER,NULL,Mike Elliott,Technical Director,2022
58,MER,NULL,James Vowles,Chief Strategist,2022
59,MER,22,Riccardo Musconi,Race Engineer,2022
60,MER,11,Peter Bonnington,Race Engineer,2022
61,FER,NULL,Mattia Binotto,Team Principal,2022
62,FER,NULL,Enrico Cardile,Technical Director,2022
63,FER,NULL,Inaki Rueda,Chief Strategist,2022
64,FER,12,Xavier Marcos Padros,Race Engineer,2022
65,FER,21,Riccardo Adami,Race Engineer,2022
66,MCL,NULL,Andreas Seidl,Team Principal,2022
67,MCL,NULL,James Key,Technical Director,2022
68,MCL,NULL,Randeep Singh,Chief Strategist,2022
69,MCL,16,Will Joseph,Race Engineer,2022
70,MCL,20,Tom Stallard,Race Engineer,2022
71,ALP,NULL,Otmar Szafnauer,Team Principal,2022
72,ALP,NULL,Marcin Budkowski,Technical Director,2022
73,ALP,NULL,Alan Permane,Chief Strategist,2022
74,ALP,25,Karel Loos,Race Engineer,2022
75,ALP,24,Josh Peckett,Race Engineer,2022
76,WIL,NULL,Jost Capito,Team Principal,2022
77,WIL,NULL,Francois-Xavier Demaison,Technical Director,2022
78,WIL,NULL,NULL,Chief Strategist,2022
79,WIL,1,James Urwin,Race Engineer,2022
80,WIL,31,Gaetan Jego,Race Engineer,2022
81,AMR,NULL,Mike Krack,Team Principal,2022
82,AMR,NULL,Dan Fallows,Technical Director,2022
83,AMR,NULL,Andy Cowell,Chief Strategist,2022
84,AMR,32,Marcus Dudley,Race Engineer,2022
85,AMR,26,Ben Michell,Race Engineer,2022
86,AT,NULL,Franz Tost,Team Principal,2022
87,AT,NULL,Jody Egginton,Technical Director,2022
88,AT,NULL,Carine Cridelich,Chief Strategist,2022
89,AT,8,Pierre Hamelin,Race Engineer,2022
90,AT,23,Mattia Spini,Race Engineer,2022
91,SAU,NULL,Frédéric Vasseur,Team Principal,2022
92,SAU,NULL,Jan Monchaux,Technical Director,2022
93,SAU,NULL,Ruth Buscombe,Chief Strategist,2022
94,SAU,18,Alex Chan,Race Engineer,2022
95,SAU,27,Jorn Becker,Race Engineer,2022
96,HAS,NULL,Guenther Steiner,Team Principal,2022
97,HAS,NULL,Simone Resta,Technical Director,2022
98,HAS,NULL,NULL,Chief Strategist,2022
99,HAS,30,Gary Gannon,Race Engineer,2022
100,HAS,15,Mark Slade,Race Engineer,2022
101,RBR,NULL,Christian Horner,Team Principal,2023
102,RBR,NULL,Pierre Waché,Technical Director,2023
103,RBR,NULL,Will Courtenay,Chief Strategist,2023
104,RBR,10,Gianpiero Lambiase,Race Engineer,2023
105,RBR,17,Hugh Bird,Race Engineer,2023
106,MER,NULL,Toto Wolff,Team Principal,2023
107,MER,NULL,James Allison,Technical Director,2023
108,MER,NULL,Rosie Wait,Chief Strategist,2023
109,MER,22,Marcus Dudley,Race Engineer,2023
110,MER,11,Peter Bonnington,Race Engineer,2023
111,FER,NULL,Frédéric Vasseur,Team Principal,2023
112,FER,NULL,Enrico Cardile,Technical Director,2023
113,FER,NULL,Ravin Jain,Chief Strategist,2023
114,FER,12,Xavier Marcos Padros,Race Engineer,2023
115,FER,21,Riccardo Adami,Race Engineer,2023
116,MCL,NULL,Andrea Stella,Team Principal,2023
117,MCL,NULL,James Key,Technical Director,2023
118,MCL,NULL,Randeep Singh,Chief Strategist,2023
119,MCL,16,Will Joseph,Race Engineer,2023
120,MCL,19,Tom Stallard,Race Engineer,2023
121,ALP,NULL,Oliver Oakes,Team Principal,2023
122,ALP,NULL,Matt Harman,Technical Director,2023
123,ALP,NULL,NULL,Chief Strategist,2023
124,ALP,8,John Howard,Race Engineer,2023
125,ALP,24,Josh Peckett,Race Engineer,2023
126,WIL,NULL,James Vowles,Team Principal,2023
127,WIL,NULL,NULL,Technical Director,2023
128,WIL,NULL,NULL,Chief Strategist,2023
129,WIL,1,James Urwin,Race Engineer,2023
130,WIL,28,Gaetan Jego,Race Engineer,2023
131,AMR,NULL,Mike Krack,Team Principal,2023
132,AMR,NULL,Dan Fallows,Technical Director,2023
133,AMR,NULL,Andy Cowell,Chief Strategist,2023
134,AMR,25,Chris Cronin,Race Engineer,2023
135,AMR,26,Ben Michell,Race Engineer,2023
136,AT,NULL,Franz Tost,Team Principal,2023
137,AT,NULL,Jody Egginton,Technical Director,2023
138,AT,NULL,NULL,Chief Strategist,2023
139,AT,29,Pierre Hamelin,Race Engineer,2023
140,AT,23,Mattia Spini,Race Engineer,2023
141,SAU,NULL,Alessandro Alunni Bravi,Team Principal,2023
142,SAU,NULL,James Key,Technical Director,2023
143,SAU,NULL,Ruth Buscombe,Chief Strategist,2023
144,SAU,18,Alex Chan,Race Engineer,2023
145,SAU,27,Jorn Becker,Race Engineer,2023
146,HAS,NULL,Guenther Steiner,Team Principal,2023
147,HAS,NULL,Simone Resta,Technical Director,2023
148,HAS,NULL,Ayao Komatsu,Chief Strategist,2023
149,HAS,15,Mark Slade,Race Engineer,2023
150,HAS,13,Gary Gannon,Race Engineer,2023
151,RBR,NULL,Christian Horner,Team Principal,2024
152,RBR,NULL,Pierre Waché,Technical Director,2024
153,RBR,NULL,Will Courtenay,Chief Strategist,2024
154,RBR,10,Gianpiero Lambiase,Race Engineer,2024
155,RBR,17,Hugh Bird,Race Engineer,2024
156,MER,NULL,Toto Wolff,Team Principal,2024
157,MER,NULL,James Allison,Technical Director,2024
158,MER,NULL,Rosie Wait,Chief Strategist,2024
159,MER,11,Peter Bonnington,Race Engineer,2024
160,MER,22,Marcus Dudley,Race Engineer,2024
161,FER,NULL,Frédéric Vasseur,Team Principal,2024
162,FER,NULL,Loïc Serra,Technical Director,2024
163,FER,NULL,Ravin Jain,Chief Strategist,2024
164,FER,12,Bryan Bozzi,Race Engineer,2024
165,FER,21,Riccardo Adami,Race Engineer,2024
166,MCL,NULL,Andrea Stella,Team Principal,2024
167,MCL,NULL,Neil Houldey,Technical Director,2024
168,MCL,NULL,Randeep Singh,Chief Strategist,2024
169,MCL,16,Will Joseph,Race Engineer,2024
170,MCL,19,Tom Stallard,Race Engineer,2024
171,ALP,NULL,Oliver Oakes,Team Principal,2024
172,ALP,NULL,David Sanchez,Technical Director,2024
173,ALP,NULL,NULL,Chief Strategist,2024
174,ALP,8,John Howard,Race Engineer,2024
175,ALP,24,Josh Peckett,Race Engineer,2024
176,WIL,NULL,James Vowles,Team Principal,2024
177,WIL,NULL,Pat Fry,Technical Director,2024
178,WIL,NULL,NULL,Chief Strategist,2024
179,WIL,1,James Urwin,Race Engineer,2024
180,WIL,6,Gaetan Jego,Race Engineer,2024
181,AMR,NULL,Mike Krack,Team Principal,2024
182,AMR,NULL,Dan Fallows,Technical Director,2024
183,AMR,NULL,Andy Cowell,Chief Strategist,2024
184,AMR,25,Chris Cronin,Race Engineer,2024
185,AMR,26,Ben Michell,Race Engineer,2024
186,AT,NULL,Laurent Mekies,Team Principal,2024
187,AT,NULL,Jody Egginton,Technical Director,2024
188,AT,NULL,NULL,Chief Strategist,2024
189,AT,14,Pierre Hamelin,Race Engineer,2024
190,AT,23,Mattia Spini,Race Engineer,2024
191,SAU,NULL,Alessandro Alunni Bravi,Team Principal,2024
192,SAU,NULL,James Key,Technical Director,2024
193,SAU,NULL,Inaki Rueda,Chief Strategist,2024
194,SAU,18,Steven Petrik,Race Engineer,2024
195,SAU,27,Andrea Benisi,Race Engineer,2024
196,HAS,NULL,Ayao Komatsu,Team Principal,2024
197,HAS,NULL,Andrea De Zordo,Technical Director,2024
198,HAS,NULL,NULL,Chief Strategist,2024
199,HAS,15,Mark Slade,Race Engineer,2024
200,HAS,13,Gary Gannon,Race Engineer,2024
201,RBR,NULL,Laurent Mekies,Team Principal,2025
202,RBR,NULL,Pierre Waché,Technical Director,2025
203,RBR,NULL,Hannah Schmitz,Chief Strategist,2025
204,RBR,10,Gianpiero Lambiase,Race Engineer,2025
205,RBR,23,Richard Wood,Race Engineer,2025
206,MER,NULL,Toto Wolff,Team Principal,2025
207,MER,NULL,James Allison,Technical Director,2025
208,MER,NULL,Rosie Wait,Chief Strategist,2025
209,MER,22,Marcus Dudley,Race Engineer,2025
210,MER,2,Peter Bonnington,Race Engineer,2025
211,FER,NULL,Frédéric Vasseur,Team Principal,2025
212,FER,NULL,Loïc Serra,Technical Director,2025
213,FER,NULL,Ravin Jain,Chief Strategist,2025
214,FER,11,Riccardo Adami,Race Engineer,2025
215,FER,12,Bryan Bozzi,Race Engineer,2025
216,MCL,NULL,Andrea Stella,Team Principal,2025
217,MCL,NULL,Neil Houldey,Technical Director,2025
218,MCL,NULL,Oli Cartlidge,Chief Strategist,2025
219,MCL,16,Will Joseph,Race Engineer,2025
220,MCL,19,Tom Stallard,Race Engineer,2025
221,ALP,NULL,Flavio Briatore,Team Principal,2025
222,ALP,NULL,David Sanchez,Technical Director,2025
223,ALP,NULL,Dave Greenwood,Chief Strategist,2025
224,ALP,8,John Howard,Race Engineer,2025
225,ALP,7,Josh Peckett,Race Engineer,2025
226,WIL,NULL,James Vowles,Team Principal,2025
227,WIL,NULL,Matt Harman,Technical Director,2025
228,WIL,NULL,NULL,Chief Strategist,2025
229,WIL,13,Steven Petrik,Race Engineer,2025
230,WIL,5,Jose Manuel Lopez,Race Engineer,2025
231,AMR,NULL,Andy Cowell,Team Principal,2025
232,AMR,NULL,NULL,Technical Director,2025
233,AMR,NULL,Andy Cowell,Chief Strategist,2025
234,AMR,25,Andrew Vizard,Race Engineer,2025
235,AMR,26,Gary Gannon,Race Engineer,2025
236,AT,NULL,Alan Permane,Team Principal,2025
237,AT,NULL,NULL,Technical Director,2025
238,AT,NULL,NULL,Chief Strategist,2025
239,AT,9,Pierre Hamelin,Race Engineer,2025
240,AT,14,Ernesto Desiderio,Race Engineer,2025
241,SAU,NULL,Jonathan Wheatley,Team Principal,2025
242,SAU,NULL,James Key,Technical Director,2025
243,SAU,NULL,Inaki Rueda,Chief Strategist,2025
244,SAU,1,James Urwin,Race Engineer,2025
245,SAU,21,Gaetan Jego,Race Engineer,2025
246,HAS,NULL,Ayao Komatsu,Team Principal,2025
247,HAS,NULL,Andrea De Zordo,Technical Director,2025
248,HAS,NULL,Carine Cridelich,Chief Strategist,2025
249,HAS,24,Laura Muller,Race Engineer,2025
250,HAS,4,Ronan O’Hare,Race Engineer,2025
251,RBR,NULL,Laurent Mekies,Team Principal,2026
252,RBR,NULL,Pierre Waché,Technical Director,2026
253,RBR,NULL,Hannah Schmitz,Chief Strategist,2026
254,RBR,10,Gianpiero Lambiase,Race Engineer,2026
255,RBR,9,Richard Wood,Race Engineer,2026
256,MER,NULL,Toto Wolff,Team Principal,2026
257,MER,NULL,James Allison,Technical Director,2026
258,MER,NULL,NULL,Chief Strategist,2026
259,MER,2,Peter Bonnington,Race Engineer,2026
260,MER,22,Marcus Dudley,Race Engineer,2026
261,FER,NULL,Frédéric Vasseur,Team Principal,2026
262,FER,NULL,Loïc Serra,Technical Director,2026
263,FER,NULL,Ravin Jain,Chief Strategist,2026
264,FER,11,Carlo Santi,Race Engineer,2026
265,FER,12,Bryan Bozzi,Race Engineer,2026
266,MCL,NULL,Andrea Stella,Team Principal,2026
267,MCL,NULL,Neil Houldey,Technical Director,2026
268,MCL,NULL,Will Courtenay,Chief Strategist,2026
269,MCL,16,Will Joseph,Race Engineer,2026
270,MCL,19,Tom Stallard,Race Engineer,2026
271,ALP,NULL,Flavio Briatore,Team Principal,2026
272,ALP,NULL,David Sanchez,Technical Director,2026
273,ALP,NULL,Dave Greenwood,Chief Strategist,2026
274,ALP,8,Josh Peckett,Race Engineer,2026
275,ALP,6,Stuart Barlow,Race Engineer,2026
276,WIL,NULL,James Vowles,Team Principal,2026
277,WIL,NULL,Matt Harman,Technical Director,2026
278,WIL,NULL,NULL,Chief Strategist,2026
279,WIL,1,James Urwin,Race Engineer,2026
280,WIL,21,Gaetan Jego,Race Engineer,2026
281,AMR,NULL,Adrian Newey,Team Principal,2026
282,AMR,NULL,Adrian Newey,Technical Director,2026
283,AMR,NULL,Andy Cowell,Chief Strategist,2026
284,AMR,25,Chris Cronin,Race Engineer,2026
285,AMR,26,Gary Gannon,Race Engineer,2026
286,AT,NULL,Alan Permane,Team Principal,2026
287,AT,NULL,Dan Fallows,Technical Director,2026
288,AT,NULL,NULL,Chief Strategist,2026
289,AT,14,Alexandre Iliopoulos,Race Engineer,2026
290,AT,3,Pierre Hamelin,Race Engineer,2026
291,SAU,NULL,Mattia Binotto,Team Principal,2026
292,SAU,NULL,James Key,Technical Director,2026
293,SAU,NULL,NULL,Chief Strategist,2026
294,SAU,13,Steven Petrik,Race Engineer,2026
295,SAU,5,Jose Manuel Lopez,Race Engineer,2026
296,HAS,NULL,Ayao Komatsu,Team Principal,2026
297,HAS,NULL,Andrea De Zordo,Technical Director,2026
298,HAS,NULL,NULL,Chief Strategist,2026
299,HAS,24,Laura Muller,Race Engineer,2026
300,HAS,4,Ronan O’Hare,Race Engineer,2026
301,CAD,NULL,Graeme Lowdon,Team Principal,2026
302,CAD,NULL,Nick Chester,Technical Director,2026
303,CAD,NULL,NULL,Chief Strategist,2026
304,CAD,18,John Howard,Race Engineer,2026
305,CAD,17,Carlo Pasetti,Race Engineer,2026
306,AT,14,Pierre Hamelin,Race Engineer,2023
307,AT,20,Pierre Hamelin,Race Engineer,2023
308,AMR,25,Andrew Vizard,Race Engineer,2026
309,ALP,NULL,Alain Prost,Technical Director,2021
310,ALP,NULL,Alain Prost,Technical Director,2022
311,ALP,NULL,Budkowski,Team Principal,2021