ResultID,RaceID,DriverID,TeamID,Pos,Points,Standings,LapTime
1,1,11,MER,1,25,Finished,01:32:03.897
2,1,10,RBR,2,18,Finished,+0.745
3,1,18,MER,3,16,Finished,+37.383
4,1,16,MCL,4,12,Finished,+46.466
5,1,17,RBR,5,10,Finished,+52.047
6,1,12,FER,6,8,Finished,+59.090
7,1,20,MCL,7,6,Finished,+66.004
8,1,21,FER,8,4,Finished,+67.100
9,1,23,AT,9,2,Finished,+85.692
10,1,26,AMR,10,1,Finished,+86.713
11,1,33,SAU,11,0,Finished,+88.864
12,1,34,SAU,12,0,Finished,+1 Lap
13,1,24,ALP,13,0,Finished,+1 Lap
14,1,22,WIL,14,0,Finished,+1 Lap
15,1,32,AMR,15,0,Finished,+1 Lap
16,1,30,HAS,16,0,Finished,+1 Lap
17,1,8,AT,NULL,0,DNF,NULL
18,1,31,WIL,NULL,0,DNF,NULL
19,1,25,ALP,NULL,0,DNF,NULL
20,1,36,HAS,NULL,0,DNF,NULL
21,2,10,RBR,1,25,Finished,02:02:34.598
22,2,11,MER,2,19,Finished,+22.000
23,2,16,MCL,3,15,Finished,+23.702
24,2,12,FER,4,12,Finished,+25.579
25,2,21,FER,5,10,Finished,+27.036
26,2,20,MCL,6,8,Finished,+51.220
27,2,8,AT,7,6,Finished,+52.818
28,2,26,AMR,8,4,Finished,+56.909
29,2,24,ALP,9,2,Finished,+65.704
30,2,25,ALP,10,1,Finished,+66.561
31,2,17,RBR,11,0,Finished,+67.151
32,2,23,AT,12,0,Finished,+73.184
33,2,33,SAU,13,0,Finished,+94.773
34,2,34,SAU,14,0,Finished,+1 Lap
35,2,32,AMR,NULL,0,DNF,NULL
36,2,30,HAS,16,0,Finished,+2 Laps
37,2,36,HAS,17,0,Finished,+2 Laps
38,2,18,MER,NULL,0,DNF,NULL
39,2,22,WIL,NULL,0,DNF,NULL
40,2,31,WIL,NULL,0,DNF,NULL
41,3,11,MER,1,25,Finished,01:34:31.421
42,3,10,RBR,2,18,Finished,+29.148
43,3,18,MER,3,16,Finished,+33.530
44,3,17,RBR,4,12,Finished,+39.735
45,3,16,MCL,5,10,Finished,+51.369
46,3,12,FER,6,8,Finished,+55.781
47,3,24,ALP,7,6,Finished,+63.749
48,3,25,ALP,8,4,Finished,+64.808
49,3,20,MCL,9,2,Finished,+75.369
50,3,8,AT,10,1,Finished,+76.463
51,3,21,FER,11,0,Finished,+78.955
52,3,34,SAU,12,0,Finished,+1 Lap
53,3,32,AMR,13,0,Finished,+1 Lap
54,3,26,AMR,14,0,Finished,+1 Lap
55,3,23,AT,15,0,Finished,+1 Lap
56,3,22,WIL,16,0,Finished,+1 Lap
57,3,30,HAS,17,0,Finished,+2 Laps
58,3,31,WIL,18,0,Finished,+2 Laps
59,3,36,HAS,19,0,Finished,+2 Laps
60,3,33,SAU,NULL,0,DNF,NULL
61,4,11,MER,1,25,Finished,01:33:07.680
62,4,10,RBR,2,19,Finished,+15.841
63,4,18,MER,3,15,Finished,+26.610
64,4,12,FER,4,12,Finished,+54.616
65,4,17,RBR,5,10,Finished,+63.671
66,4,20,MCL,6,8,Finished,+73.768
67,4,21,FER,7,6,Finished,+74.670
68,4,16,MCL,8,4,Finished,+1 Lap
69,4,24,ALP,9,2,Finished,+1 Lap
70,4,8,AT,10,1,Finished,+1 Lap
71,4,26,AMR,11,0,Finished,+1 Lap
72,4,33,SAU,12,0,Finished,+1 Lap
73,4,32,AMR,13,0,Finished,+1 Lap
74,4,22,WIL,14,0,Finished,+1 Lap
75,4,34,SAU,15,0,Finished,+1 Lap
76,4,31,WIL,16,0,Finished,+1 Lap
77,4,25,ALP,17,0,Finished,+1 Lap
78,4,30,HAS,18,0,Finished,+2 Laps
79,4,36,HAS,19,0,Finished,+2 Laps
80,4,23,AT,NULL,0,DNF,NULL
81,5,10,RBR,1,25,Finished,01:38:56.820
82,5,21,FER,2,18,Finished,+8.968
83,5,16,MCL,3,15,Finished,+19.427
84,5,17,RBR,4,12,Finished,+20.490
85,5,32,AMR,5,10,Finished,+52.591
86,5,8,AT,6,8,Finished,+53.896
87,5,11,MER,7,7,Finished,+68.231
88,5,26,AMR,8,4,Finished,+1 Lap
89,5,24,ALP,9,2,Finished,+1 Lap
90,5,34,SAU,10,1,Finished,+1 Lap
91,5,33,SAU,11,0,Finished,+1 Lap
92,5,20,MCL,12,0,Finished,+1 Lap
93,5,25,ALP,13,0,Finished,+1 Lap
94,5,22,WIL,14,0,Finished,+1 Lap
95,5,31,WIL,15,0,Finished,+1 Lap
96,5,23,AT,16,0,Finished,+1 Lap
97,5,36,HAS,17,0,Finished,+3 Laps
98,5,30,HAS,18,0,Finished,+3 Laps
99,5,18,MER,NULL,0,DNF,NULL
100,5,12,FER,NULL,0,DNS,NULL
101,6,17,RBR,1,25,Finished,02:13:36.410
102,6,32,AMR,2,18,Finished,+1.385
103,6,8,AT,3,15,Finished,+2.762
104,6,12,FER,4,12,Finished,+3.828
105,6,16,MCL,5,10,Finished,+4.754
106,6,25,ALP,6,8,Finished,+6.382
107,6,23,AT,7,6,Finished,+6.624
108,6,21,FER,8,4,Finished,+7.709
109,6,20,MCL,9,2,Finished,+8.874
110,6,33,SAU,10,1,Finished,+9.576
111,6,34,SAU,11,0,Finished,+10.254
112,6,18,MER,12,0,Finished,+11.264
113,6,30,HAS,13,0,Finished,+14.241
114,6,36,HAS,14,0,Finished,+14.315
115,6,11,MER,15,0,Finished,+17.668
116,6,31,WIL,16,0,Finished,+42.379
117,6,22,WIL,NULL,0,DNF,NULL
118,6,10,RBR,NULL,0,DNF,NULL
119,6,26,AMR,NULL,0,DNF,NULL
120,6,24,ALP,NULL,0,DNF,NULL
121,7,10,RBR,1,25,Finished,01:27:25.770
122,7,11,MER,2,18,Finished,+2.904
123,7,17,RBR,3,15,Finished,+8.811
124,7,18,MER,4,12,Finished,+14.618
125,7,16,MCL,5,10,Finished,+64.032
126,7,20,MCL,6,8,Finished,+75.857
127,7,8,AT,7,6,Finished,+76.596
128,7,25,ALP,8,4,Finished,+77.695
129,7,32,AMR,9,2,Finished,+79.666
130,7,26,AMR,10,1,Finished,+91.946
131,7,21,FER,11,0,Finished,+99.337
132,7,22,WIL,12,0,Finished,+1 Lap
133,7,23,AT,13,0,Finished,+1 Lap
134,7,24,ALP,14,0,Finished,+1 Lap
135,7,34,SAU,15,0,Finished,+1 Lap
136,7,12,FER,16,0,Finished,+1 Lap
137,7,33,SAU,17,0,Finished,+1 Lap
138,7,31,WIL,18,0,Finished,+1 Lap
139,7,30,HAS,19,0,Finished,+1 Lap
140,7,36,HAS,20,0,Finished,+1 Lap
141,8,10,RBR,1,25,Finished,01:22:18.925
142,8,11,MER,2,19,Finished,+35.743
143,8,18,MER,3,15,Finished,+46.907
144,8,17,RBR,4,12,Finished,+47.434
145,8,16,MCL,5,10,Finished,+1 Lap
146,8,21,FER,6,8,Finished,+1 Lap
147,8,12,FER,7,6,Finished,+1 Lap
148,8,26,AMR,8,4,Finished,+1 Lap
149,8,25,ALP,9,2,Finished,+1 Lap
150,8,23,AT,10,1,Finished,+1 Lap
151,8,33,SAU,11,0,Finished,+1 Lap
152,8,32,AMR,12,0,Finished,+1 Lap
153,8,20,MCL,13,0,Finished,+1 Lap
154,8,24,ALP,14,0,Finished,+1 Lap
155,8,34,SAU,15,0,Finished,+1 Lap
156,8,30,HAS,16,0,Finished,+2 Laps
157,8,31,WIL,17,0,Finished,+3 Laps
158,8,36,HAS,18,0,Finished,+3 Laps
159,8,22,WIL,NULL,0,DNF,NULL
160,8,8,AT,NULL,0,DNF,NULL
161,9,10,RBR,1,25,Finished,01:23:54.543
162,9,18,MER,2,18,Finished,+17.973
163,9,16,MCL,3,15,Finished,+20.019
164,9,11,MER,4,12,Finished,+46.452
165,9,21,FER,5,10,Finished,+57.144
166,9,17,RBR,6,8,Finished,+57.915
167,9,20,MCL,7,6,Finished,+60.395
168,9,12,FER,8,4,Finished,+61.195
169,9,8,AT,9,2,Finished,+61.844
170,9,25,ALP,10,1,Finished,+1 Lap
171,9,22,WIL,11,0,Finished,+1 Lap
172,9,23,AT,12,0,Finished,+1 Lap
173,9,26,AMR,13,0,Finished,+1 Lap
174,9,34,SAU,14,0,Finished,+1 Lap
175,9,33,SAU,15,0,Finished,+1 Lap
176,9,31,WIL,16,0,Finished,+1 Lap
177,9,32,AMR,NULL,0,DNF,NULL
178,9,30,HAS,18,0,Finished,+2 Laps
179,9,36,HAS,19,0,Finished,+2 Laps
180,9,24,ALP,NULL,0,DNF,NULL
181,10,11,MER,1,25,Finished,01:58:23.284
182,10,12,FER,2,18,Finished,+3.871
183,10,18,MER,3,15,Finished,+11.125
184,10,16,MCL,4,12,Finished,+28.573
185,10,20,MCL,5,10,Finished,+42.624
186,10,21,FER,6,8,Finished,+43.454
187,10,25,ALP,7,6,Finished,+72.093
188,10,26,AMR,8,4,Finished,+74.289
189,10,24,ALP,9,2,Finished,+76.162
190,10,23,AT,10,1,Finished,+82.065
191,10,8,AT,11,0,Finished,+85.327
192,10,22,WIL,12,0,Finished,+1 Lap
193,10,34,SAU,13,0,Finished,+1 Lap
194,10,31,WIL,14,0,Finished,+1 Lap
195,10,33,SAU,15,0,Finished,+1 Lap
196,10,17,RBR,16,0,Finished,+1 Lap
197,10,36,HAS,17,0,Finished,+1 Lap
198,10,30,HAS,18,0,Finished,+1 Lap
199,10,32,AMR,NULL,0,DNF,NULL
200,10,10,RBR,NULL,0,DNF,NULL
201,11,24,ALP,1,25,Finished,02:04:43.199
202,11,32,AMR,NULL,0,DSQ,NULL
203,11,11,MER,2,18,Finished,+2.736
204,11,21,FER,3,15,Finished,+15.018
205,11,25,ALP,4,12,Finished,+15.651
206,11,8,AT,5,10,Finished,+63.614
207,11,23,AT,6,8,Finished,+75.803
208,11,31,WIL,7,6,Finished,+77.910
209,11,22,WIL,8,4,Finished,+79.094
210,11,10,RBR,9,2,Finished,+80.244
211,11,33,SAU,10,1,Finished,+1 Lap
212,11,20,MCL,11,0,Finished,+1 Lap
213,11,30,HAS,12,0,Finished,+1 Lap
214,11,34,SAU,13,0,Finished,+1 Lap
215,11,36,HAS,NULL,0,DNF,NULL
216,11,16,MCL,NULL,0,DNF,NULL
217,11,18,MER,NULL,0,DNF,NULL
218,11,17,RBR,NULL,0,DNF,NULL
219,11,12,FER,NULL,0,DNF,NULL
220,11,26,AMR,NULL,0,DNF,NULL
221,12,10,RBR,1,12.5,Finished,00:03:27.071
222,12,22,WIL,2,9,Finished,+1.995
223,12,11,MER,3,7.5,Finished,+2.601
224,12,20,MCL,4,6,Finished,+4.496
225,12,32,AMR,5,5,Finished,+7.479
226,12,8,AT,6,4,Finished,+10.177
227,12,24,ALP,7,3,Finished,+11.579
228,12,12,FER,8,2,Finished,+12.608
229,12,31,WIL,9,1,Finished,+15.484
230,12,21,FER,10,0.5,Finished,+16.166
231,12,25,ALP,11,0,Finished,+20.590
232,12,18,MER,12,0,Finished,+22.414
233,12,34,SAU,13,0,Finished,+24.163
234,12,16,MCL,14,0,Finished,+27.109
235,12,23,AT,15,0,Finished,+28.329
236,12,30,HAS,16,0,Finished,+29.507
237,12,36,HAS,17,0,Finished,+31.993
238,12,33,SAU,18,0,Finished,+36.054
239,12,17,RBR,19,0,Finished,+38.205
240,12,26,AMR,20,0,Finished,+44.108
241,13,10,RBR,1,25,Finished,01:30:05.395
242,13,11,MER,2,19,Finished,+20.932
243,13,18,MER,3,15,Finished,+56.460
244,13,8,AT,4,12,Finished,+1 Lap
245,13,12,FER,5,10,Finished,+1 Lap
246,13,25,ALP,6,8,Finished,+1 Lap
247,13,21,FER,7,6,Finished,+1 Lap
248,13,17,RBR,8,4,Finished,+1 Lap
249,13,24,ALP,9,2,Finished,+1 Lap
250,13,16,MCL,10,1,Finished,+1 Lap
251,13,20,MCL,11,0,Finished,+1 Lap
252,13,26,AMR,12,0,Finished,+2 Laps
253,13,32,AMR,13,0,Finished,+2 Laps
254,13,34,SAU,14,0,Finished,+2 Laps
255,13,35,SAU,15,0,Finished,+2 Laps
256,13,31,WIL,16,0,Finished,+2 Laps
257,13,22,WIL,NULL,0,DNF,NULL
258,13,30,HAS,18,0,Finished,+3 Laps
259,13,23,AT,NULL,0,DNF,NULL
260,13,36,HAS,NULL,0,DNF,NULL
261,14,20,MCL,1,26,Finished,01:21:54.365
262,14,16,MCL,2,18,Finished,+1.747
263,14,18,MER,3,15,Finished,+4.921
264,14,12,FER,4,12,Finished,+7.309
265,14,17,RBR,5,10,Finished,+8.723
266,14,21,FER,6,8,Finished,+10.535
267,14,26,AMR,7,6,Finished,+15.804
268,14,25,ALP,8,4,Finished,+17.201
269,14,22,WIL,9,2,Finished,+19.742
270,14,24,ALP,10,1,Finished,+20.868
271,14,31,WIL,11,0,Finished,+23.743
272,14,32,AMR,12,0,Finished,+24.621
273,14,34,SAU,13,0,Finished,+27.216
274,14,35,SAU,14,0,Finished,+29.769
275,14,30,HAS,15,0,Finished,+51.088
276,14,36,HAS,NULL,0,DNF,NULL
277,14,11,MER,NULL,0,DNF,NULL
278,14,10,RBR,NULL,0,DNF,NULL
279,14,8,AT,NULL,0,DNF,NULL
280,14,23,AT,NULL,0,DNS,NULL
281,15,11,MER,1,25,Finished,01:30:41.001
282,15,10,RBR,2,18,Finished,+53.271
283,15,21,FER,3,15,Finished,+62.475
284,15,20,MCL,4,12,Finished,+65.607
285,15,18,MER,5,10,Finished,+67.533
286,15,25,ALP,6,8,Finished,+81.321
287,15,16,MCL,7,7,Finished,+87.224
288,15,33,SAU,8,4,Finished,+88.955
289,15,17,RBR,9,2,Finished,+90.076
290,15,22,WIL,10,1,Finished,+100.551
291,15,26,AMR,11,0,Finished,+116.198
292,15,32,AMR,12,0,Finished,+1 Lap
293,15,8,AT,13,0,Finished,+1 Lap
294,15,24,ALP,14,0,Finished,+1 Lap
295,15,12,FER,15,0,Finished,+1 Lap
296,15,34,SAU,16,0,Finished,+1 Lap
297,15,23,AT,17,0,Finished,+1 Lap
298,15,36,HAS,18,0,Finished,+2 Laps
299,15,31,WIL,NULL,0,DNF,NULL
300,15,30,HAS,NULL,0,DNF,NULL
301,16,18,MER,1,26,Finished,01:31:04.103
302,16,10,RBR,2,18,Finished,+14.584
303,16,17,RBR,3,15,Finished,+33.471
304,16,12,FER,4,12,Finished,+37.814
305,16,11,MER,5,10,Finished,+41.812
306,16,8,AT,6,8,Finished,+44.292
307,16,16,MCL,7,6,Finished,+47.213
308,16,21,FER,8,4,Finished,+51.526
309,16,26,AMR,9,2,Finished,+82.018
310,16,24,ALP,10,1,Finished,+1 Lap
311,16,34,SAU,11,0,Finished,+1 Lap
312,16,33,SAU,12,0,Finished,+1 Lap
313,16,20,MCL,13,0,Finished,+1 Lap
314,16,23,AT,14,0,Finished,+1 Lap
315,16,22,WIL,15,0,Finished,+1 Lap
316,16,25,ALP,16,0,Finished,+1 Lap
317,16,31,WIL,17,0,Finished,+1 Lap
318,16,32,AMR,18,0,Finished,+1 Lap
319,16,30,HAS,19,0,Finished,+2 Laps
320,16,36,HAS,20,0,Finished,+2 Laps
321,17,10,RBR,1,25,Finished,01:34:36.552
322,17,11,MER,2,19,Finished,+1.333
323,17,17,RBR,3,15,Finished,+42.223
324,17,12,FER,4,12,Finished,+52.246
325,17,20,MCL,5,10,Finished,+76.854
326,17,18,MER,6,8,Finished,+80.128
327,17,21,FER,7,6,Finished,+83.545
328,17,16,MCL,8,4,Finished,+84.395
329,17,23,AT,9,2,Finished,+1 Lap
330,17,32,AMR,10,1,Finished,+1 Lap
331,17,34,SAU,11,0,Finished,+1 Lap
332,17,26,AMR,12,0,Finished,+1 Lap
333,17,33,SAU,13,0,Finished,+1 Lap
334,17,22,WIL,14,0,Finished,+1 Lap
335,17,31,WIL,15,0,Finished,+1 Lap
336,17,30,HAS,16,0,Finished,+2 Laps
337,17,36,HAS,17,0,Finished,+2 Laps
338,17,25,ALP,NULL,0,DNF,NULL
339,17,24,ALP,NULL,0,DNF,NULL
340,17,8,AT,NULL,0,DNF,NULL
341,18,10,RBR,1,25,Finished,01:38:39.086
342,18,11,MER,2,18,Finished,+16.555
343,18,17,RBR,3,15,Finished,+17.752
344,18,8,AT,4,12,Finished,+63.845
345,18,12,FER,5,10,Finished,+81.037
346,18,21,FER,6,8,Finished,+1 Lap
347,18,32,AMR,7,6,Finished,+1 Lap
348,18,33,SAU,8,4,Finished,+1 Lap
349,18,25,ALP,9,2,Finished,+1 Lap
350,18,16,MCL,10,1,Finished,+1 Lap
351,18,34,SAU,11,0,Finished,+1 Lap
352,18,20,MCL,12,0,Finished,+1 Lap
353,18,24,ALP,13,0,Finished,+1 Lap
354,18,26,AMR,14,0,Finished,+2 Laps
355,18,18,MER,15,0,Finished,+2 Laps
356,18,22,WIL,16,0,Finished,+2 Laps
357,18,31,WIL,17,0,Finished,+2 Laps
358,18,36,HAS,18,0,Finished,+3 Laps
359,18,30,HAS,NULL,0,DNF,NULL
360,18,23,AT,NULL,0,DNF,NULL
361,19,11,MER,1,25,Finished,01:32:22.851
362,19,10,RBR,2,18,Finished,+10.496
363,19,18,MER,3,15,Finished,+13.576
364,19,17,RBR,4,13,Finished,+39.940
365,19,12,FER,5,10,Finished,+49.517
366,19,21,FER,6,8,Finished,+51.820
367,19,8,AT,7,6,Finished,+1 Lap
368,19,24,ALP,8,4,Finished,+1 Lap
369,19,25,ALP,9,2,Finished,+1 Lap
370,19,16,MCL,10,1,Finished,+1 Lap
371,19,32,AMR,11,0,Finished,+1 Lap
372,19,33,SAU,12,0,Finished,+1 Lap
373,19,22,WIL,13,0,Finished,+1 Lap
374,19,34,SAU,14,0,Finished,+1 Lap
375,19,23,AT,15,0,Finished,+1 Lap
376,19,31,WIL,16,0,Finished,+1 Lap
377,19,36,HAS,17,0,Finished,+2 Laps
378,19,30,HAS,18,0,Finished,+2 Laps
379,19,20,MCL,NULL,0,DNF,NULL
380,19,26,AMR,NULL,0,DNF,NULL
381,20,11,MER,1,25,Finished,01:24:28.471
382,20,10,RBR,2,19,Finished,+25.743
383,20,25,ALP,3,15,Finished,+59.457
384,20,17,RBR,4,12,Finished,+62.306
385,20,24,ALP,5,10,Finished,+80.570
386,20,26,AMR,6,8,Finished,+81.274
387,20,21,FER,7,6,Finished,+81.911
388,20,12,FER,8,4,Finished,+83.126
389,20,16,MCL,9,2,Finished,+1 Lap
390,20,32,AMR,10,1,Finished,+1 Lap
391,20,8,AT,11,0,Finished,+1 Lap
392,20,20,MCL,12,0,Finished,+1 Lap
393,20,23,AT,13,0,Finished,+1 Lap
394,20,33,SAU,14,0,Finished,+1 Lap
395,20,34,SAU,15,0,Finished,+1 Lap
396,20,30,HAS,16,0,Finished,+1 Lap
397,20,22,WIL,17,0,Finished,+2 Laps
398,20,36,HAS,18,0,Finished,+2 Laps
399,20,31,WIL,NULL,0,DNF,NULL
400,20,18,MER,NULL,0,DNF,NULL
401,21,11,MER,1,26,Finished,02:06:15.118
402,21,10,RBR,2,18,Finished,+21.825
403,21,18,MER,3,15,Finished,+27.531
404,21,24,ALP,4,12,Finished,+27.633
405,21,20,MCL,5,10,Finished,+40.121
406,21,8,AT,6,8,Finished,+41.613
407,21,12,FER,7,6,Finished,+44.475
408,21,21,FER,8,4,Finished,+46.606
409,21,34,SAU,9,2,Finished,+58.505
410,21,16,MCL,10,1,Finished,+61.358
411,21,26,AMR,11,0,Finished,+77.212
412,21,31,WIL,12,0,Finished,+83.249
413,21,25,ALP,13,0,Finished,+1 Lap
414,21,23,AT,14,0,Finished,+1 Lap
415,21,33,SAU,15,0,Finished,+1 Lap
416,21,32,AMR,NULL,0,DNF,NULL
417,21,17,RBR,NULL,0,DNF,NULL
418,21,36,HAS,NULL,0,DNF,NULL
419,21,22,WIL,NULL,0,DNF,NULL
420,21,30,HAS,NULL,0,DNF,NULL
421,22,10,RBR,1,26,Finished,01:30:17.345
422,22,11,MER,2,18,Finished,+2.256
423,22,21,FER,3,15,Finished,+5.173
424,22,23,AT,4,12,Finished,+5.692
425,22,8,AT,5,10,Finished,+6.531
426,22,18,MER,6,8,Finished,+7.463
427,22,16,MCL,7,6,Finished,+59.200
428,22,25,ALP,8,4,Finished,+61.708
429,22,24,ALP,9,2,Finished,+64.026
430,22,12,FER,10,1,Finished,+66.057
431,22,32,AMR,11,0,Finished,+67.527
432,22,20,MCL,12,0,Finished,+1 Lap
433,22,26,AMR,13,0,Finished,+1 Lap
434,22,30,HAS,14,0,Finished,+1 Lap
435,22,17,RBR,NULL,0,DNF,NULL
436,22,31,WIL,NULL,0,DNF,NULL
437,22,34,SAU,NULL,0,DNF,NULL
438,22,22,WIL,NULL,0,DNF,NULL
439,22,33,SAU,NULL,0,DNF,NULL
440,23,12,FER,1,26,Finished,01:37:33.584
441,23,21,FER,2,18,Finished,+5.598
442,23,11,MER,3,15,Finished,+9.675
443,23,22,MER,4,12,Finished,+11.211
444,23,15,HAS,5,10,Finished,+14.754
445,23,18,SAU,6,8,Finished,+16.119
446,23,24,ALP,7,6,Finished,+19.423
447,23,23,AT,8,4,Finished,+20.386
448,23,25,ALP,9,2,Finished,+22.390
449,23,27,SAU,10,1,Finished,+23.064
450,23,30,HAS,11,0,Finished,+32.574
451,23,26,AMR,12,0,Finished,+45.873
452,23,1,WIL,13,0,Finished,+53.932
453,23,20,MCL,14,0,Finished,+54.975
454,23,16,MCL,15,0,Finished,+56.335
455,23,31,WIL,16,0,Finished,+61.795
456,23,13,AMR,17,0,Finished,+63.829
457,23,17,RBR,NULL,0,DNF,NULL
458,23,10,RBR,NULL,0,DNF,NULL
459,23,8,AT,NULL,0,DNF,NULL
460,24,10,RBR,1,25,Finished,01:24:19.293
461,24,12,FER,2,19,Finished,+0.549
462,24,21,FER,3,15,Finished,+8.097
463,24,17,RBR,4,12,Finished,+10.800
464,24,22,MER,5,10,Finished,+32.732
465,24,24,ALP,6,8,Finished,+56.017
466,24,16,MCL,7,6,Finished,+56.124
467,24,8,AT,8,4,Finished,+62.946
468,24,15,HAS,9,2,Finished,+64.308
469,24,11,MER,10,1,Finished,+73.948
470,24,27,SAU,11,0,Finished,+82.215
471,24,13,AMR,12,0,Finished,+91.742
472,24,26,AMR,13,0,Finished,+1 Lap
473,24,1,WIL,NULL,0,DNF,NULL
474,24,18,SAU,NULL,0,DNF,NULL
475,24,25,ALP,NULL,0,DNF,NULL
476,24,20,MCL,NULL,0,DNF,NULL
477,24,31,WIL,NULL,0,DNF,NULL
478,24,23,AT,NULL,0,DNS,NULL
479,25,12,FER,1,26,Finished,01:27:46.548
480,25,17,RBR,2,18,Finished,+20.524
481,25,22,MER,3,15,Finished,+25.593
482,25,11,MER,4,12,Finished,+28.543
483,25,16,MCL,5,10,Finished,+53.303
484,25,20,MCL,6,8,Finished,+53.737
485,25,24,ALP,7,6,Finished,+61.683
486,25,18,SAU,8,4,Finished,+68.439
487,25,8,AT,9,2,Finished,+76.221
488,25,1,WIL,10,1,Finished,+79.382
489,25,27,SAU,11,0,Finished,+81.695
490,25,26,AMR,12,0,Finished,+88.598
491,25,30,HAS,13,0,Finished,+1 Lap
492,25,15,HAS,14,0,Finished,+1 Lap
493,25,23,AT,15,0,Finished,+1 Lap
494,25,31,WIL,16,0,Finished,+1 Lap
495,25,25,ALP,17,0,Finished,+1 Lap
496,25,10,RBR,NULL,0,DNF,NULL
497,25,32,AMR,NULL,0,DNF,NULL
498,25,21,FER,NULL,0,DNF,NULL
499,26,10,RBR,1,26,Finished,01:32:07.986
500,26,17,RBR,2,18,Finished,+16.527
501,26,16,MCL,3,15,Finished,+34.834
502,26,22,MER,4,12,Finished,+42.506
503,26,18,SAU,5,10,Finished,+43.181
504,26,12,FER,6,8,Finished,+56.072
505,26,23,AT,7,6,Finished,+61.110
506,26,32,AMR,8,4,Finished,+70.892
507,26,15,HAS,9,2,Finished,+75.260
508,26,26,AMR,10,1,Finished,+1 Lap
509,26,1,WIL,11,0,Finished,+1 Lap
510,26,8,AT,12,0,Finished,+1 Lap
511,26,11,MER,13,0,Finished,+1 Lap
512,26,24,ALP,14,0,Finished,+1 Lap
513,26,27,SAU,15,0,Finished,+1 Lap
514,26,31,WIL,16,0,Finished,+1 Lap
515,26,30,HAS,17,0,Finished,+1 Lap
516,26,20,MCL,18,0,Finished,+1 Lap
517,26,25,ALP,NULL,0,DNF,NULL
518,26,21,FER,NULL,0,DNF,NULL
519,27,10,RBR,1,26,Finished,01:34:24.258
520,27,12,FER,2,18,Finished,+3.786
521,27,21,FER,3,15,Finished,+8.229
522,27,17,RBR,4,12,Finished,+10.638
523,27,22,MER,5,10,Finished,+18.582
524,27,11,MER,6,8,Finished,+21.368
525,27,18,SAU,7,6,Finished,+25.073
526,27,24,ALP,8,4,Finished,+28.386
527,27,1,WIL,9,2,Finished,+32.365
528,27,26,AMR,10,1,Finished,+37.026
529,27,25,ALP,11,0,Finished,+37.128
530,27,23,AT,12,0,Finished,+40.146
531,27,20,MCL,13,0,Finished,+40.902
532,27,31,WIL,14,0,Finished,+49.936
533,27,30,HAS,15,0,Finished,+73.305
534,27,15,HAS,NULL,0,DNF,NULL
535,27,32,AMR,NULL,0,DNF,NULL
536,27,8,AT,NULL,0,DNF,NULL
537,27,16,MCL,NULL,0,DNF,NULL
538,27,27,SAU,NULL,0,DNF,NULL
539,28,10,RBR,1,25,Finished,01:37:20.475
540,28,17,RBR,2,19,Finished,+13.072
541,28,22,MER,3,15,Finished,+32.927
542,28,21,FER,4,12,Finished,+45.208
543,28,11,MER,5,10,Finished,+54.534
544,28,18,SAU,6,8,Finished,+59.976
545,28,24,ALP,7,6,Finished,+75.397
546,28,16,MCL,8,4,Finished,+83.235
547,28,25,ALP,9,2,Finished,+1 Lap
548,28,23,AT,10,1,Finished,+1 Lap
549,28,32,AMR,11,0,Finished,+1 Lap
550,28,20,MCL,12,0,Finished,+1 Lap
551,28,8,AT,13,0,Finished,+1 Lap
552,28,30,HAS,14,0,Finished,+1 Lap
553,28,26,AMR,15,0,Finished,+1 Lap
554,28,31,WIL,16,0,Finished,+2 Laps
555,28,15,HAS,17,0,Finished,+2 Laps
556,28,1,WIL,18,0,Finished,+2 Laps
557,28,27,SAU,NULL,0,DNF,NULL
558,28,12,FER,NULL,0,DNF,NULL
559,29,17,RBR,1,25,Finished,01:56:30.265
560,29,21,FER,2,18,Finished,+1.154
561,29,10,RBR,3,15,Finished,+1.491
562,29,12,FER,4,12,Finished,+2.922
563,29,22,MER,5,10,Finished,+11.968
564,29,16,MCL,6,9,Finished,+12.231
565,29,25,ALP,7,6,Finished,+46.358
566,29,11,MER,8,4,Finished,+50.388
567,29,18,SAU,9,2,Finished,+52.525
568,29,32,AMR,10,1,Finished,+53.536
569,29,8,AT,11,0,Finished,+54.289
570,29,24,ALP,12,0,Finished,+55.644
571,29,20,MCL,13,0,Finished,+57.635
572,29,26,AMR,14,0,Finished,+60.802
573,29,31,WIL,15,0,Finished,+1 Lap
574,29,27,SAU,16,0,Finished,+1 Lap
575,29,23,AT,17,0,Finished,+1 Lap
576,29,1,WIL,NULL,0,DNF,NULL
577,29,30,HAS,NULL,0,DNF,NULL
578,29,15,HAS,NULL,0,DNF,NULL
579,30,10,RBR,1,25,Finished,01:34:05.941
580,30,17,RBR,2,19,Finished,+20.823
581,30,22,MER,3,15,Finished,+45.995
582,30,11,MER,4,12,Finished,+71.679
583,30,8,AT,5,10,Finished,+77.299
584,30,32,AMR,6,8,Finished,+84.099
585,30,25,ALP,7,6,Finished,+88.596
586,30,20,MCL,8,4,Finished,+92.207
587,30,16,MCL,9,2,Finished,+92.556
588,30,24,ALP,10,1,Finished,+108.184
589,30,18,SAU,11,0,Finished,+1 Lap
590,30,1,WIL,12,0,Finished,+1 Lap
591,30,23,AT,13,0,Finished,+1 Lap
592,30,30,HAS,14,0,Finished,+1 Lap
593,30,31,WIL,15,0,Finished,+1 Lap
594,30,26,AMR,NULL,0,DNF,NULL
595,30,15,HAS,NULL,0,DNF,NULL
596,30,27,SAU,NULL,0,DNF,NULL
597,30,12,FER,NULL,0,DNF,NULL
598,30,21,FER,NULL,0,DNF,NULL
599,31,10,RBR,1,25,Finished,01:36:21.757
600,31,21,FER,2,19,Finished,+0.993
601,31,11,MER,3,15,Finished,+7.006
602,31,22,MER,4,12,Finished,+12.313
603,31,12,FER,5,10,Finished,+15.168
604,31,24,ALP,6,8,Finished,+23.890
605,31,18,SAU,7,6,Finished,+25.247
606,31,27,SAU,8,4,Finished,+26.952
607,31,25,ALP,9,2,Finished,+29.945
608,31,26,AMR,10,1,Finished,+38.222
609,31,20,MCL,11,0,Finished,+43.047
610,31,32,AMR,12,0,Finished,+44.245
611,31,1,WIL,13,0,Finished,+44.893
612,31,8,AT,14,0,Finished,+45.183
613,31,16,MCL,15,0,Finished,+52.145
614,31,31,WIL,16,0,Finished,+59.978
615,31,15,HAS,17,0,Finished,+68.180
616,31,23,AT,NULL,0,DNF,NULL
617,31,30,HAS,NULL,0,DNF,NULL
618,31,17,RBR,NULL,0,DNF,NULL
619,32,21,FER,1,25,Finished,02:17:50.311
620,32,17,RBR,2,18,Finished,+3.779
621,32,11,MER,3,16,Finished,+6.225
622,32,12,FER,4,12,Finished,+8.546
623,32,25,ALP,5,10,Finished,+9.571
624,32,16,MCL,6,8,Finished,+11.943
625,32,10,RBR,7,6,Finished,+18.777
626,32,30,HAS,8,4,Finished,+18.995
627,32,32,AMR,9,2,Finished,+22.356
628,32,15,HAS,10,1,Finished,+24.590
629,32,26,AMR,11,0,Finished,+26.147
630,32,31,WIL,12,0,Finished,+32.511
631,32,20,MCL,13,0,Finished,+32.817
632,32,23,AT,14,0,Finished,+40.910
633,32,24,ALP,NULL,0,DNF,NULL
634,32,8,AT,NULL,0,DNF,NULL
635,32,18,SAU,NULL,0,DNF,NULL
636,32,22,MER,NULL,0,DNF,NULL
637,32,27,SAU,NULL,0,DNF,NULL
638,32,1,WIL,NULL,0,DNF,NULL
639,33,12,FER,1,25,Finished,01:24:24.312
640,33,10,RBR,2,19,Finished,+1.532
641,33,11,MER,3,15,Finished,+41.217
642,33,22,MER,4,12,Finished,+58.972
643,33,24,ALP,5,10,Finished,+68.436
644,33,30,HAS,6,8,Finished,+1 Lap
645,33,16,MCL,7,6,Finished,+1 Lap
646,33,15,HAS,8,4,Finished,+1 Lap
647,33,20,MCL,9,2,Finished,+1 Lap
648,33,25,ALP,10,1,Finished,+1 Lap
649,33,18,SAU,11,0,Finished,+1 Lap
650,33,1,WIL,12,0,Finished,+1 Lap
651,33,26,AMR,13,0,Finished,+1 Lap
652,33,27,SAU,14,0,Finished,+1 Lap
653,33,8,AT,15,0,Finished,+1 Lap
654,33,23,AT,16,0,Finished,+1 Lap
655,33,32,AMR,17,0,Finished,+1 Lap
656,33,21,FER,NULL,0,DNF,NULL
657,33,31,WIL,NULL,0,DNF,NULL
658,33,17,RBR,NULL,0,DNF,NULL
659,34,10,RBR,1,25,Finished,01:30:02.112
660,34,11,MER,2,18,Finished,+10.587
661,34,22,MER,3,15,Finished,+16.495
662,34,17,RBR,4,12,Finished,+17.310
663,34,21,FER,5,11,Finished,+28.872
664,34,25,ALP,6,8,Finished,+42.879
665,34,16,MCL,7,6,Finished,+52.026
666,34,24,ALP,8,4,Finished,+56.959
667,34,20,MCL,9,2,Finished,+60.372
668,34,26,AMR,10,1,Finished,+62.549
669,34,32,AMR,11,0,Finished,+64.494
670,34,8,AT,12,0,Finished,+65.448
671,34,1,WIL,13,0,Finished,+68.565
672,34,18,SAU,14,0,Finished,+76.666
673,34,30,HAS,15,0,Finished,+80.394
674,34,27,SAU,16,0,Finished,+6 Laps
675,34,31,WIL,NULL,0,DNF,NULL
676,34,15,HAS,NULL,0,DNF,NULL
677,34,12,FER,NULL,0,DNF,NULL
678,34,23,AT,NULL,0,DNF,NULL
679,35,10,RBR,1,25,Finished,01:39:35.912
680,35,11,MER,2,19,Finished,+7.834
681,35,22,MER,3,15,Finished,+12.337
682,35,21,FER,4,12,Finished,+14.579
683,35,17,RBR,5,10,Finished,+15.688
684,35,12,FER,6,8,Finished,+16.047
685,35,16,MCL,7,6,Finished,+78.300
686,35,25,ALP,8,4,Finished,+1 Lap
687,35,24,ALP,9,2,Finished,+1 Lap
688,35,32,AMR,10,1,Finished,+1 Lap
689,35,26,AMR,11,0,Finished,+1 Lap
690,35,8,AT,12,0,Finished,+1 Lap
691,35,27,SAU,13,0,Finished,+1 Lap
692,35,30,HAS,14,0,Finished,+1 Lap
693,35,20,MCL,15,0,Finished,+1 Lap
694,35,15,HAS,16,0,Finished,+1 Lap
695,35,1,WIL,17,0,Finished,+1 Lap
696,35,31,WIL,18,0,Finished,+1 Lap
697,35,23,AT,19,0,Finished,+2 Laps
698,35,18,SAU,NULL,0,DNF,NULL
699,36,10,RBR,1,26,Finished,01:25:52.894
700,36,17,RBR,2,18,Finished,+17.841
701,36,21,FER,3,15,Finished,+26.886
702,36,22,MER,4,12,Finished,+29.140
703,36,25,ALP,5,10,Finished,+73.256
704,36,12,FER,6,8,Finished,+74.936
705,36,24,ALP,7,6,Finished,+75.640
706,36,32,AMR,8,4,Finished,+78.107
707,36,8,AT,9,2,Finished,+92.181
708,36,1,WIL,10,1,Finished,+101.900
709,36,26,AMR,11,0,Finished,+103.078
710,36,16,MCL,12,0,Finished,+104.739
711,36,23,AT,13,0,Finished,+105.217
712,36,27,SAU,14,0,Finished,+106.252
713,36,20,MCL,15,0,Finished,+107.163
714,36,15,HAS,16,0,Finished,+1 Lap
715,36,30,HAS,17,0,Finished,+1 Lap
716,36,31,WIL,18,0,Finished,+1 Lap
717,36,18,SAU,NULL,0,DNF,NULL
718,36,11,MER,NULL,0,DNF,NULL
719,37,10,RBR,1,26,Finished,01:36:42.773
720,37,22,MER,2,18,Finished,+4.071
721,37,12,FER,3,15,Finished,+10.929
722,37,11,MER,4,12,Finished,+13.016
723,37,17,RBR,5,10,Finished,+18.168
724,37,25,ALP,6,8,Finished,+18.754
725,37,16,MCL,7,6,Finished,+19.306
726,37,21,FER,8,4,Finished,+20.916
727,37,24,ALP,9,2,Finished,+21.117
728,37,26,AMR,10,1,Finished,+22.459
729,37,8,AT,11,0,Finished,+27.009
730,37,1,WIL,12,0,Finished,+30.390
731,37,30,HAS,13,0,Finished,+32.995
732,37,32,AMR,14,0,Finished,+36.007
733,37,15,HAS,15,0,Finished,+36.869
734,37,27,SAU,16,0,Finished,+37.320
735,37,20,MCL,17,0,Finished,+37.764
736,37,31,WIL,18,0,Finished,+1 Lap
737,37,18,SAU,NULL,0,DNF,NULL
738,37,23,AT,NULL,0,DNF,NULL
739,38,10,RBR,1,25,Finished,01:20:27.511
740,38,12,FER,2,18,Finished,+2.446
741,38,22,MER,3,15,Finished,+3.405
742,38,21,FER,4,12,Finished,+5.061
743,38,11,MER,5,10,Finished,+5.380
744,38,17,RBR,6,9,Finished,+6.091
745,38,16,MCL,7,6,Finished,+6.207
746,38,8,AT,8,4,Finished,+6.396
747,38,29,WIL,9,2,Finished,+7.122
748,38,27,SAU,10,1,Finished,+7.910
749,38,24,ALP,11,0,Finished,+8.323
750,38,30,HAS,12,0,Finished,+8.549
751,38,18,SAU,13,0,Finished,+1 Lap
752,38,23,AT,14,0,Finished,+1 Lap
753,38,31,WIL,15,0,Finished,+1 Lap
754,38,15,HAS,16,0,Finished,+1 Lap
755,38,20,MCL,NULL,0,DNF,NULL
756,38,26,AMR,NULL,0,DNF,NULL
757,38,25,ALP,NULL,0,DNF,NULL
758,38,32,AMR,NULL,0,DNF,NULL
759,39,17,RBR,1,25,Finished,02:02:20.238
760,39,12,FER,2,18,Finished,+2.595
761,39,21,FER,3,15,Finished,+10.305
762,39,16,MCL,4,12,Finished,+21.133
763,39,20,MCL,5,10,Finished,+53.282
764,39,26,AMR,6,8,Finished,+56.330
765,39,10,RBR,7,6,Finished,+58.825
766,39,32,AMR,8,4,Finished,+60.032
767,39,11,MER,9,2,Finished,+61.515
768,39,8,AT,10,1,Finished,+69.576
769,39,18,SAU,11,0,Finished,+88.844
770,39,15,HAS,12,0,Finished,+92.610
771,39,30,HAS,13,0,Finished,+1 Lap
772,39,22,MER,14,0,Finished,+2 Laps
773,39,23,AT,NULL,0,DNF,NULL
774,39,24,ALP,NULL,0,DNF,NULL
775,39,1,WIL,NULL,0,DNF,NULL
776,39,25,ALP,NULL,0,DNF,NULL
777,39,31,WIL,NULL,0,DNF,NULL
778,39,27,SAU,NULL,0,DNF,NULL
779,40,10,RBR,1,25,Finished,03:01:44.004
780,40,17,RBR,2,18,Finished,+27.066
781,40,12,FER,3,15,Finished,+31.763
782,40,24,ALP,4,12,Finished,+39.685
783,40,11,MER,5,10,Finished,+40.326
784,40,32,AMR,6,8,Finished,+46.358
785,40,25,ALP,7,6,Finished,+46.369
786,40,22,MER,8,4,Finished,+47.661
787,40,31,WIL,9,2,Finished,+70.143
788,40,16,MCL,10,1,Finished,+70.782
789,40,20,MCL,11,0,Finished,+72.877
790,40,26,AMR,12,0,Finished,+73.904
791,40,23,AT,13,0,Finished,+75.599
792,40,15,HAS,14,0,Finished,+86.016
793,40,18,SAU,15,0,Finished,+86.496
794,40,27,SAU,16,0,Finished,+87.043
795,40,30,HAS,17,0,Finished,+92.523
796,40,8,AT,18,0,Finished,+108.091
797,40,21,FER,NULL,0,DNF,NULL
798,40,1,WIL,NULL,0,DNF,NULL
799,41,10,RBR,1,25,Finished,01:42:11.687
800,41,11,MER,2,18,Finished,+5.023
801,41,12,FER,3,15,Finished,+7.501
802,41,17,RBR,4,12,Finished,+8.293
803,41,22,MER,5,11,Finished,+44.815
804,41,16,MCL,6,8,Finished,+53.785
805,41,25,ALP,7,6,Finished,+55.078
806,41,32,AMR,8,4,Finished,+65.354
807,41,15,HAS,9,2,Finished,+65.834
808,41,23,AT,10,1,Finished,+70.919
809,41,24,ALP,11,0,Finished,+72.875
810,41,27,SAU,12,0,Finished,+76.164
811,41,1,WIL,13,0,Finished,+80.057
812,41,8,AT,14,0,Finished,+81.763
813,41,30,HAS,15,0,Finished,+84.490
814,41,20,MCL,16,0,Finished,+90.487
815,41,31,WIL,17,0,Finished,+103.588
816,41,26,AMR,NULL,0,DNF,NULL
817,41,18,SAU,NULL,0,DNF,NULL
818,41,21,FER,NULL,0,DNF,NULL
819,42,10,RBR,1,25,Finished,01:38:36.729
820,42,11,MER,2,18,Finished,+15.186
821,42,17,RBR,3,15,Finished,+18.097
822,42,22,MER,4,13,Finished,+49.431
823,42,21,FER,5,10,Finished,+58.123
824,42,12,FER,6,8,Finished,+68.774
825,42,20,MCL,7,6,Finished,+1 Lap
826,42,24,ALP,8,4,Finished,+1 Lap
827,42,16,MCL,9,2,Finished,+1 Lap
828,42,18,SAU,10,1,Finished,+1 Lap
829,42,8,AT,11,0,Finished,+1 Lap
830,42,1,WIL,12,0,Finished,+1 Lap
831,42,27,SAU,13,0,Finished,+1 Lap
832,42,32,AMR,14,0,Finished,+1 Lap
833,42,26,AMR,15,0,Finished,+1 Lap
834,42,30,HAS,16,0,Finished,+1 Lap
835,42,15,HAS,17,0,Finished,+1 Lap
836,42,31,WIL,18,0,Finished,+2 Laps
837,42,25,ALP,NULL,0,DNF,NULL
838,42,23,AT,NULL,0,DNF,NULL
839,43,22,MER,1,26,Finished,01:38:34.044
840,43,11,MER,2,18,Finished,+1.529
841,43,21,FER,3,15,Finished,+4.051
842,43,12,FER,4,12,Finished,+8.441
843,43,25,ALP,5,10,Finished,+9.561
844,43,10,RBR,6,8,Finished,+10.056
845,43,17,RBR,7,6,Finished,+14.080
846,43,24,ALP,8,4,Finished,+18.690
847,43,18,SAU,9,2,Finished,+22.552
848,43,26,AMR,10,1,Finished,+23.552
849,43,32,AMR,11,0,Finished,+26.183
850,43,27,SAU,12,0,Finished,+29.325
851,43,30,HAS,13,0,Finished,+29.899
852,43,8,AT,14,0,Finished,+31.867
853,43,1,WIL,15,0,Finished,+36.016
854,43,31,WIL,16,0,Finished,+37.038
855,43,23,AT,17,0,Finished,+1 Lap
856,43,16,MCL,NULL,0,DNF,NULL
857,43,15,HAS,NULL,0,DNF,NULL
858,43,20,MCL,NULL,0,DNF,NULL
859,44,10,RBR,1,25,Finished,01:27:45.914
860,44,12,FER,2,18,Finished,+8.771
861,44,17,RBR,3,15,Finished,+10.093
862,44,21,FER,4,12,Finished,+24.892
863,44,22,MER,5,10,Finished,+35.888
864,44,16,MCL,6,9,Finished,+56.234
865,44,24,ALP,7,6,Finished,+57.240
866,44,26,AMR,8,4,Finished,+76.931
867,44,20,MCL,9,2,Finished,+83.268
868,44,32,AMR,10,1,Finished,+83.898
869,44,23,AT,11,0,Finished,+89.371
870,44,27,SAU,12,0,Finished,+1 Lap
871,44,1,WIL,13,0,Finished,+1 Lap
872,44,8,AT,14,0,Finished,+1 Lap
873,44,18,SAU,15,0,Finished,+1 Lap
874,44,30,HAS,16,0,Finished,+1 Lap
875,44,15,HAS,17,0,Finished,+1 Lap
876,44,11,MER,NULL,0,DNF,NULL
877,44,31,WIL,NULL,0,DNF,NULL
878,44,25,ALP,NULL,0,DNF,NULL
879,45,10,RBR,1,25,Finished,01:33:56.736
880,45,17,RBR,2,18,Finished,+11.987
881,45,25,AMR,3,15,Finished,+38.637
882,45,21,FER,4,12,Finished,+48.052
883,45,11,MER,5,10,Finished,+50.977
884,45,26,AMR,6,8,Finished,+54.502
885,45,22,MER,7,6,Finished,+55.873
886,45,18,SAU,8,4,Finished,+72.647
887,45,8,ALP,9,2,Finished,+73.753
888,45,1,WIL,10,1,Finished,+89.774
889,45,23,AT,11,0,Finished,+90.870
890,45,28,WIL,12,0,Finished,+1 Lap
891,45,15,HAS,13,0,Finished,+1 Lap
892,45,29,AT,14,0,Finished,+1 Lap
893,45,13,HAS,15,0,Finished,+1 Lap
894,45,27,SAU,16,0,Finished,+1 Lap
895,45,16,MCL,17,0,Finished,+2 Laps
896,45,24,ALP,NULL,0,DNF,NULL
897,45,12,FER,NULL,0,DNF,NULL
898,45,19,MCL,NULL,0,DNF,NULL
899,46,17,RBR,1,25,Finished,01:21:14.894
900,46,10,RBR,2,0,Finished,+5.355
901,46,25,AMR,3,15,Finished,+20.728
902,46,22,MER,4,12,Finished,+25.866
903,46,11,MER,5,10,Finished,+31.065
904,46,21,FER,6,8,Finished,+35.876
905,46,12,FER,7,6,Finished,+43.162
906,46,24,ALP,8,4,Finished,+52.832
907,46,8,ALP,9,2,Finished,+54.747
908,46,15,HAS,10,1,Finished,+64.826
909,46,23,AT,11,0,Finished,+67.494
910,46,13,HAS,12,0,Finished,+70.588
911,46,27,SAU,13,0,Finished,+76.060
912,46,29,AT,14,0,Finished,+77.478
913,46,19,MCL,15,0,Finished,+85.021
914,46,28,WIL,16,0,Finished,+86.293
915,46,16,MCL,17,0,Finished,+86.445
916,46,18,SAU,18,0,Finished,+1 Lap
917,46,1,WIL,NULL,0,DNF,NULL
918,46,26,AMR,NULL,0,DNF,NULL
919,47,10,RBR,1,25,Finished,02:32:38.371
920,47,11,MER,2,18,Finished,+0.179
921,47,25,AMR,3,15,Finished,+0.769
922,47,26,AMR,4,12,Finished,+3.082
923,47,17,RBR,5,11,Finished,+3.320
924,47,16,MCL,6,8,Finished,+3.701
925,47,13,HAS,7,6,Finished,+4.939
926,47,19,MCL,8,4,Finished,+5.382
927,47,27,SAU,9,2,Finished,+5.713
928,47,23,AT,10,1,Finished,+6.052
929,47,18,SAU,11,0,Finished,+6.513
930,47,21,FER,12,0,Finished,+6.594
931,47,8,ALP,NULL,0,DNF,NULL
932,47,24,ALP,NULL,0,DNF,NULL
933,47,29,AT,NULL,0,DNF,NULL
934,47,28,WIL,NULL,0,DNF,NULL
935,47,15,HAS,NULL,0,DNF,NULL
936,47,22,MER,NULL,0,DNF,NULL
937,47,1,WIL,NULL,0,DNF,NULL
938,47,12,FER,NULL,0,DNF,NULL
939,48,17,RBR,1,25,Finished,01:32:42.436
940,48,10,RBR,2,18,Finished,+2.137
941,48,12,FER,3,15,Finished,+21.217
942,48,25,AMR,4,12,Finished,+22.024
943,48,21,FER,5,10,Finished,+45.491
944,48,11,MER,6,8,Finished,+46.145
945,48,26,AMR,7,6,Finished,+51.617
946,48,22,MER,8,5,Finished,+74.240
947,48,16,MCL,9,2,Finished,+80.376
948,48,23,AT,10,1,Finished,+83.862
949,48,19,MCL,11,0,Finished,+86.501
950,48,1,WIL,12,0,Finished,+88.623
951,48,15,HAS,13,0,Finished,+89.729
952,48,8,ALP,14,0,Finished,+91.332
953,48,24,ALP,15,0,Finished,+97.794
954,48,28,WIL,16,0,Finished,+100.943
955,48,13,HAS,17,0,Finished,+1 Lap
956,48,18,SAU,18,0,Finished,+1 Lap
957,48,27,SAU,NULL,0,DNF,NULL
958,48,29,AT,NULL,0,DNF,NULL
959,49,10,RBR,1,26,Finished,01:27:38.241
960,49,17,RBR,2,18,Finished,+5.384
961,49,25,AMR,3,15,Finished,+26.305
962,49,22,MER,4,12,Finished,+33.229
963,49,21,FER,5,10,Finished,+42.511
964,49,11,MER,6,8,Finished,+51.249
965,49,12,FER,7,6,Finished,+52.988
966,49,8,ALP,8,4,Finished,+55.670
967,49,24,ALP,9,2,Finished,+58.123
968,49,15,HAS,10,1,Finished,+62.945
969,49,23,AT,11,0,Finished,+64.309
970,49,26,AMR,12,0,Finished,+64.754
971,49,18,SAU,13,0,Finished,+71.637
972,49,1,WIL,14,0,Finished,+72.861
973,49,13,HAS,15,0,Finished,+74.950
974,49,27,SAU,16,0,Finished,+78.440
975,49,16,MCL,17,0,Finished,+87.717
976,49,29,AT,18,0,Finished,+88.949
977,49,19,MCL,19,0,Finished,+1 Lap
978,49,28,WIL,20,0,Finished,+1 Lap
979,51,10,RBR,1,25,Finished,01:48:51.980
980,51,25,AMR,2,18,Finished,+27.921
981,51,24,ALP,3,15,Finished,+36.990
982,51,11,MER,4,13,Finished,+39.062
983,51,22,MER,5,10,Finished,+56.284
984,51,12,FER,6,8,Finished,+61.890
985,51,8,ALP,7,6,Finished,+62.362
986,51,21,FER,8,4,Finished,+63.391
987,51,16,MCL,9,2,Finished,+1 Lap
988,51,19,MCL,10,1,Finished,+1 Lap
989,51,18,SAU,11,0,Finished,+1 Lap
990,51,29,AT,12,0,Finished,+1 Lap
991,51,27,SAU,13,0,Finished,+1 Lap
992,51,1,WIL,14,0,Finished,+1 Lap
993,51,23,AT,15,0,Finished,+2 Laps
994,51,17,RBR,16,0,Finished,+2 Laps
995,51,13,HAS,17,0,Finished,+2 Laps
996,51,28,WIL,18,0,Finished,+2 Laps
997,51,15,HAS,NULL,0,DNF,NULL
998,51,26,AMR,NULL,0,DNF,NULL
999,52,10,RBR,1,26,Finished,01:27:57.940
1000,52,11,MER,2,18,Finished,+24.090
1001,52,22,MER,3,15,Finished,+32.389
1002,52,17,RBR,4,12,Finished,+35.812
1003,52,21,FER,5,10,Finished,+45.698
1004,52,26,AMR,6,8,Finished,+63.320
1005,52,25,AMR,7,6,Finished,+64.127
1006,52,24,ALP,8,4,Finished,+69.242
1007,52,27,SAU,9,2,Finished,+71.878
1008,52,8,ALP,10,1,Finished,+73.530
1009,52,12,FER,11,0,Finished,+74.419
1010,52,23,AT,12,0,Finished,+75.416
1011,52,19,MCL,13,0,Finished,+1 Lap
1012,52,29,AT,14,0,Finished,+1 Lap
1013,52,13,HAS,15,0,Finished,+1 Lap
1014,52,1,WIL,16,0,Finished,+1 Lap
1015,52,16,MCL,17,0,Finished,+1 Lap
1016,52,15,HAS,18,0,Finished,+1 Lap
1017,52,18,SAU,19,0,Finished,+1 Lap
1018,52,28,WIL,20,0,Finished,+1 Lap
1019,53,10,RBR,1,25,Finished,01:33:58.348
1020,53,25,AMR,2,18,Finished,+9.570
1021,53,11,MER,3,15,Finished,+14.168
1022,53,12,FER,4,12,Finished,+18.648
1023,53,21,FER,5,10,Finished,+21.540
1024,53,17,RBR,6,9,Finished,+51.028
1025,53,1,WIL,7,6,Finished,+60.813
1026,53,24,ALP,8,4,Finished,+61.692
1027,53,26,AMR,9,2,Finished,+64.402
1028,53,18,SAU,10,1,Finished,+64.432
1029,53,19,MCL,11,0,Finished,+65.101
1030,53,8,ALP,12,0,Finished,+65.249
1031,53,16,MCL,13,0,Finished,+68.363
1032,53,23,AT,14,0,Finished,+73.423
1033,53,13,HAS,15,0,Finished,+1 Lap
1034,53,27,SAU,16,0,Finished,+1 Lap
1035,53,15,HAS,17,0,Finished,+1 Lap
1036,53,29,AT,18,0,Finished,+1 Lap
1037,53,22,MER,NULL,0,DNF,NULL
1038,53,28,WIL,NULL,0,DNF,NULL
1039,54,10,RBR,1,26,Finished,01:25:33.607
1040,54,12,FER,2,18,Finished,+5.155
1041,54,17,RBR,3,15,Finished,+17.188
1042,54,16,MCL,4,12,Finished,+26.327
1043,54,25,AMR,5,10,Finished,+30.317
1044,54,21,FER,6,8,Finished,+31.377
1045,54,22,MER,7,6,Finished,+48.403
1046,54,11,MER,8,4,Finished,+49.196
1047,54,26,AMR,9,2,Finished,+59.043
1048,54,8,ALP,10,1,Finished,+67.667
1049,54,1,WIL,11,0,Finished,+79.767
1050,54,27,SAU,12,0,Finished,+1 Lap
1051,54,28,WIL,13,0,Finished,+1 Lap
1052,54,24,ALP,14,0,Finished,+1 Lap
1053,54,18,SAU,15,0,Finished,+1 Lap
1054,54,19,MCL,16,0,Finished,+1 Lap
1055,54,29,AT,17,0,Finished,+1 Lap
1056,54,15,HAS,18,0,Finished,+1 Lap
1057,54,23,AT,19,0,Finished,+1 Lap
1058,54,13,HAS,NULL,0,DNF,NULL
1059,55,10,RBR,1,26,Finished,01:25:16.938
1060,55,16,MCL,2,18,Finished,+3.798
1061,55,11,MER,3,15,Finished,+6.783
1062,55,19,MCL,4,12,Finished,+7.776
1063,55,22,MER,5,10,Finished,+11.206
1064,55,17,RBR,6,8,Finished,+12.882
1065,55,25,AMR,7,6,Finished,+17.193
1066,55,1,WIL,8,4,Finished,+17.878
1067,55,12,FER,9,2,Finished,+18.689
1068,55,21,FER,10,1,Finished,+19.448
1069,55,28,WIL,11,0,Finished,+23.632
1070,55,18,SAU,12,0,Finished,+25.830
1071,55,13,HAS,13,0,Finished,+26.663
1072,55,26,AMR,14,0,Finished,+27.483
1073,55,27,SAU,15,0,Finished,+29.820
1074,55,23,AT,16,0,Finished,+31.225
1075,55,29,AT,17,0,Finished,+33.128
1076,55,8,ALP,NULL,0,DNF,NULL
1077,55,15,HAS,NULL,0,DNF,NULL
1078,55,24,ALP,NULL,0,DNF,NULL
1079,56,10,RBR,1,26,Finished,01:38:08.634
1080,56,16,MCL,2,18,Finished,+33.731
1081,56,17,RBR,3,15,Finished,+37.603
1082,56,11,MER,4,12,Finished,+39.134
1083,56,19,MCL,5,10,Finished,+62.572
1084,56,22,MER,6,8,Finished,+65.825
1085,56,12,FER,7,6,Finished,+70.317
1086,56,21,FER,8,4,Finished,+71.073
1087,56,25,AMR,9,2,Finished,+75.709
1088,56,26,AMR,10,1,Finished,+1 Lap
1089,56,1,WIL,11,0,Finished,+1 Lap
1090,56,18,SAU,12,0,Finished,+1 Lap
1091,56,3,AT,13,0,Finished,+1 Lap
1092,56,13,HAS,14,0,Finished,+1 Lap
1093,56,23,AT,15,0,Finished,+1 Lap
1094,56,27,SAU,16,0,Finished,+1 Lap
1095,56,15,HAS,17,0,Finished,+1 Lap
1096,56,28,WIL,18,0,DNF,NULL
1097,56,24,ALP,NULL,0,DNF,NULL
1098,56,8,ALP,NULL,0,DNF,NULL
1099,57,10,RBR,1,25,Finished,01:22:30.450
1100,57,17,RBR,2,18,Finished,+22.305
1101,57,12,FER,3,15,Finished,+32.259
1102,57,11,MER,4,13,Finished,+49.671
1103,57,25,AMR,5,10,Finished,+56.184
1104,57,22,MER,6,8,Finished,+63.101
1105,57,16,MCL,7,6,Finished,+73.719
1106,57,24,ALP,8,4,Finished,+74.719
1107,57,26,AMR,9,2,Finished,+79.340
1108,57,23,AT,10,1,Finished,+80.221
1109,57,8,ALP,11,0,Finished,+83.084
1110,57,18,SAU,12,0,Finished,+85.191
1111,57,27,SAU,13,0,Finished,+95.441
1112,57,1,WIL,14,0,Finished,+96.184
1113,57,15,HAS,15,0,Finished,+101.754
1114,57,3,AT,16,0,Finished,+103.071
1115,57,28,WIL,17,0,Finished,+104.476
1116,57,13,HAS,18,0,Finished,+110.450
1117,57,21,FER,NULL,0,DNF,NULL
1118,57,19,MCL,NULL,0,DNF,NULL
1119,58,10,RBR,1,25,Finished,02:24:04.411
1120,58,25,AMR,2,19,Finished,+3.744
1121,58,8,ALP,3,15,Finished,+7.058
1122,58,17,RBR,4,12,Finished,+10.068
1123,58,21,FER,5,10,Finished,+12.541
1124,58,11,MER,6,8,Finished,+13.209
1125,58,16,MCL,7,6,Finished,+13.232
1126,58,1,WIL,8,4,Finished,+15.155
1127,58,19,MCL,9,2,Finished,+16.580
1128,58,24,ALP,10,1,Finished,+18.346
1129,58,26,AMR,11,0,Finished,+20.087
1130,58,13,HAS,12,0,Finished,+20.840
1131,58,40,AT,13,0,Finished,+26.147
1132,58,18,SAU,14,0,Finished,+27.388
1133,58,23,AT,15,0,Finished,+29.893
1134,58,15,HAS,16,0,Finished,+31.410
1135,58,22,MER,17,0,Finished,+55.754
1136,58,27,SAU,NULL,0,DNF,NULL
1137,58,12,FER,NULL,0,DNF,NULL
1138,58,28,WIL,NULL,0,DNF,NULL
1139,59,10,RBR,1,25,Finished,01:13:41.143
1140,59,17,RBR,2,18,Finished,+6.064
1141,59,21,FER,3,15,Finished,+11.193
1142,59,12,FER,4,12,Finished,+11.377
1143,59,22,MER,5,10,Finished,+23.028
1144,59,11,MER,6,8,Finished,+42.679
1145,59,1,WIL,7,6,Finished,+45.106
1146,59,16,MCL,8,4,Finished,+45.449
1147,59,25,AMR,9,2,Finished,+46.294
1148,59,18,SAU,10,1,Finished,+64.056
1149,59,40,AT,11,0,Finished,+70.638
1150,59,19,MCL,12,0,Finished,+73.074
1151,59,28,WIL,13,0,Finished,+78.557
1152,59,27,SAU,14,0,Finished,+80.164
1153,59,8,ALP,15,0,Finished,+82.510
1154,59,26,AMR,16,0,Finished,+87.266
1155,59,13,HAS,17,0,Finished,+1 Lap
1156,59,15,HAS,18,0,Finished,+1 Lap
1157,59,24,ALP,NULL,0,DNF,NULL
1158,59,23,AT,NULL,0,DNS,NULL
1159,60,21,FER,1,25,Finished,01:46:37.418
1160,60,16,MCL,2,18,Finished,+0.812
1161,60,11,MER,3,16,Finished,+1.269
1162,60,12,FER,4,12,Finished,+21.177
1163,60,10,RBR,5,10,Finished,+21.441
1164,60,8,ALP,6,8,Finished,+38.441
1165,60,19,MCL,7,6,Finished,+41.479
1166,60,17,RBR,8,4,Finished,+59.534
1167,60,40,AT,9,2,Finished,+65.918
1168,60,15,HAS,10,1,Finished,+72.116
1169,60,1,WIL,11,0,Finished,+73.417
1170,60,27,SAU,12,0,Finished,+83.649
1171,60,13,HAS,13,0,Finished,+86.201
1172,60,28,WIL,14,0,Finished,+86.889
1173,60,25,AMR,15,0,Finished,+87.603
1174,60,22,MER,NULL,0,DNF,NULL
1175,60,18,SAU,NULL,0,DNF,NULL
1176,60,24,ALP,NULL,0,DNF,NULL
1177,60,23,AT,NULL,0,DNF,NULL
1178,61,10,RBR,1,26,Finished,01:30:58.421
1179,61,16,MCL,2,18,Finished,+19.387
1180,61,19,MCL,3,15,Finished,+36.494
1181,61,12,FER,4,12,Finished,+43.998
1182,61,11,MER,5,10,Finished,+49.376
1183,61,21,FER,6,8,Finished,+50.221
1184,61,22,MER,7,6,Finished,+57.659
1185,61,25,AMR,8,4,Finished,+74.725
1186,61,24,ALP,9,2,Finished,+79.678
1187,61,8,ALP,10,1,Finished,+83.155
1188,61,40,AT,11,0,Finished,+1 Lap
1189,61,23,AT,12,0,Finished,+1 Lap
1190,61,27,SAU,13,0,Finished,+1 Lap
1191,61,13,HAS,14,0,Finished,+1 Lap
1192,61,15,HAS,15,0,Finished,+1 Lap
1193,61,1,WIL,NULL,0,DNF,NULL
1194,61,28,WIL,NULL,0,DNF,NULL
1195,61,26,AMR,NULL,0,DNF,NULL
1196,61,17,RBR,NULL,0,DNF,NULL
1197,61,18,SAU,NULL,0,DNF,NULL
1198,62,10,RBR,1,26,Finished,01:27:39.168
1199,62,19,MCL,2,18,Finished,+4.833
1200,62,16,MCL,3,15,Finished,+5.969
1201,62,22,MER,4,12,Finished,+34.119
1202,62,12,FER,5,10,Finished,+38.976
1203,62,25,AMR,6,8,Finished,+49.032
1204,62,24,ALP,7,6,Finished,+62.390
1205,62,18,SAU,8,4,Finished,+66.563
1206,62,27,SAU,9,2,Finished,+76.127
1207,62,17,RBR,10,1,Finished,+80.181
1208,62,26,AMR,11,0,Finished,+81.652
1209,62,8,ALP,12,0,Finished,+82.300
1210,62,1,WIL,13,0,Finished,+91.014
1211,62,15,HAS,14,0,Finished,+1 Lap
1212,62,23,AT,15,0,Finished,+1 Lap
1213,62,13,HAS,16,0,Finished,+1 Lap
1214,62,40,AT,17,0,Finished,+1 Lap
1215,62,28,WIL,NULL,0,DNF,NULL
1216,62,11,MER,NULL,0,DNF,NULL
1217,62,21,FER,NULL,0,DNS,NULL
1218,63,10,RBR,1,25,Finished,01:35:21.362
1219,63,16,MCL,2,18,Finished,+10.730
1220,63,21,FER,3,15,Finished,+15.134
1221,63,17,RBR,4,12,Finished,+18.460
1222,63,22,MER,5,10,Finished,+24.999
1223,63,8,ALP,6,8,Finished,+47.996
1224,63,26,AMR,7,6,Finished,+48.696
1225,63,23,AT,8,5,Finished,+74.385
1226,63,1,WIL,9,2,Finished,+86.714
1227,63,28,WIL,10,1,Finished,+87.998
1228,63,13,HAS,11,0,Finished,+89.904
1229,63,18,SAU,12,0,Finished,+98.601
1230,63,27,SAU,13,0,Finished,+1 Lap
1231,63,15,HAS,14,0,Finished,+1 Lap
1232,63,3,AT,15,0,Finished,+1 Lap
1233,63,25,AMR,NULL,0,DNF,NULL
1234,63,19,MCL,NULL,0,DNF,NULL
1235,63,24,ALP,NULL,0,DNF,NULL
1236,64,10,RBR,1,25,Finished,02:02:30.814
1237,64,11,MER,2,19,Finished,+13.875
1238,64,12,FER,3,15,Finished,+23.124
1239,64,21,FER,4,12,Finished,+27.154
1240,64,16,MCL,5,10,Finished,+33.266
1241,64,22,MER,6,8,Finished,+41.020
1242,64,3,AT,7,6,Finished,+41.570
1243,64,19,MCL,8,4,Finished,+43.104
1244,64,1,WIL,9,2,Finished,+48.573
1245,64,24,ALP,10,1,Finished,+62.879
1246,64,8,ALP,11,0,Finished,+66.208
1247,64,23,AT,12,0,Finished,+78.982
1248,64,13,HAS,13,0,Finished,+80.309
1249,64,27,SAU,14,0,Finished,+81.676
1250,64,18,SAU,15,0,Finished,+85.597
1251,64,28,WIL,16,0,DNF,NULL
1252,64,26,AMR,17,0,DNF,NULL
1253,64,25,AMR,NULL,0,DNF,NULL
1254,64,15,HAS,NULL,0,DNF,NULL
1255,64,17,RBR,NULL,0,DNF,NULL
1256,65,10,RBR,1,25,Finished,01:56:48.894
1257,65,16,MCL,2,19,Finished,+8.277
1258,65,25,AMR,3,15,Finished,+34.155
1259,65,17,RBR,4,12,Finished,+34.208
1260,65,26,AMR,5,10,Finished,+40.845
1261,65,21,FER,6,8,Finished,+50.188
1262,65,8,ALP,7,6,Finished,+56.093
1263,65,11,MER,8,4,Finished,+62.859
1264,65,23,AT,9,2,Finished,+69.880
1265,65,24,ALP,10,1,Finished,+1 Lap
1266,65,28,WIL,11,0,Finished,+1 Lap
1267,65,13,HAS,12,0,Finished,+1 Lap
1268,65,3,AT,13,0,Finished,+1 Lap
1269,65,19,MCL,14,0,Finished,+2 Laps
1270,65,22,MER,NULL,0,DNF,NULL
1271,65,18,SAU,NULL,0,DNF,NULL
1272,65,27,SAU,NULL,0,DNF,NULL
1273,65,15,HAS,NULL,0,DNF,NULL
1274,65,1,WIL,NULL,0,DNF,NULL
1275,65,12,FER,NULL,0,DNS,NULL
1276,66,10,RBR,1,25,Finished,01:29:08.289
1277,66,12,FER,2,18,Finished,+2.070
1278,66,17,RBR,3,15,Finished,+2.241
1279,66,24,ALP,4,12,Finished,+18.665
1280,66,26,AMR,5,10,Finished,+20.067
1281,66,21,FER,6,8,Finished,+20.834
1282,66,11,MER,7,6,Finished,+21.755
1283,66,22,MER,8,4,Finished,+23.091
1284,66,25,AMR,9,2,Finished,+25.964
1285,66,19,MCL,10,2,Finished,+29.496
1286,66,8,ALP,11,0,Finished,+34.270
1287,66,1,WIL,12,0,Finished,+43.398
1288,66,15,HAS,13,0,Finished,+44.825
1289,66,3,AT,14,0,Finished,+48.525
1290,66,27,SAU,15,0,Finished,+50.162
1291,66,28,WIL,16,0,Finished,+50.882
1292,66,18,SAU,17,0,Finished,+85.350
1293,66,23,AT,18,0,DNF,NULL
1294,66,13,HAS,19,0,DNF,NULL
1295,66,16,MCL,NULL,0,DNF,NULL
1296,67,10,RBR,1,26,Finished,01:27:02.624
1297,67,12,FER,2,18,Finished,+17.993
1298,67,22,MER,3,15,Finished,+20.328
1299,67,17,RBR,4,12,Finished,+21.453
1300,67,16,MCL,5,10,Finished,+24.284
1301,67,19,MCL,6,8,Finished,+31.487
1302,67,25,AMR,7,6,Finished,+39.512
1303,67,23,AT,8,4,Finished,+43.088
1304,67,11,MER,9,2,Finished,+44.424
1305,67,26,AMR,10,1,Finished,+55.632
1306,67,3,AT,11,0,Finished,+56.229
1307,67,24,ALP,12,0,Finished,+66.373
1308,67,8,ALP,13,0,Finished,+70.360
1309,67,1,WIL,14,0,Finished,+73.184
1310,67,13,HAS,15,0,Finished,+83.696
1311,67,28,WIL,16,0,Finished,+87.791
1312,67,27,SAU,17,0,Finished,+89.422
1313,67,21,FER,18,0,DNF,NULL
1314,67,18,SAU,19,0,Finished,+1 Lap
1315,67,15,HAS,20,0,Finished,+1 Lap
1316,68,10,RBR,1,26,Finished,01:31:44.742
1317,68,17,RBR,2,18,Finished,+22.457
1318,68,21,FER,3,15,Finished,+25.110
1319,68,12,FER,4,12,Finished,+39.669
1320,68,22,MER,5,10,Finished,+46.788
1321,68,16,MCL,6,8,Finished,+48.458
1322,68,11,MER,7,6,Finished,+50.324
1323,68,19,MCL,8,4,Finished,+56.082
1324,68,25,AMR,9,2,Finished,+74.887
1325,68,26,AMR,10,1,Finished,+93.216
1326,68,27,SAU,11,0,Finished,+1 Lap
1327,68,15,HAS,12,0,Finished,+1 Lap
1328,68,3,AT,13,0,Finished,+1 Lap
1329,68,23,AT,14,0,Finished,+1 Lap
1330,68,1,WIL,15,0,Finished,+1 Lap
1331,68,13,HAS,16,0,Finished,+1 Lap
1332,68,24,ALP,17,0,Finished,+1 Lap
1333,68,8,ALP,18,0,Finished,+1 Lap
1334,68,18,SAU,19,0,Finished,+1 Lap
1335,68,28,WIL,20,0,Finished,+2 Laps
1336,69,10,RBR,1,25,Finished,01:20:43.273
1337,69,17,RBR,2,18,Finished,+13.643
1338,69,12,FER,3,16,Finished,+18.639
1339,69,19,MCL,4,12,Finished,+32.007
1340,69,25,AMR,5,10,Finished,+35.759
1341,69,22,MER,6,8,Finished,+39.936
1342,69,39,FER,7,6,Finished,+42.679
1343,69,16,MCL,8,4,Finished,+45.708
1344,69,11,MER,9,2,Finished,+47.391
1345,69,13,HAS,10,1,Finished,+76.996
1346,69,1,WIL,11,0,Finished,+88.354
1347,69,15,HAS,12,0,Finished,+105.737
1348,69,24,ALP,13,0,Finished,+1 Lap
1349,69,28,WIL,14,0,Finished,+1 Lap
1350,69,23,AT,15,0,Finished,+1 Lap
1351,69,3,AT,16,0,Finished,+1 Lap
1352,69,18,SAU,17,0,Finished,+1 Lap
1353,69,27,SAU,18,0,Finished,+1 Lap
1354,69,26,AMR,NULL,0,DNF,NULL
1355,69,8,ALP,NULL,0,DNF,NULL
1356,70,21,FER,1,25,Finished,01:20:26.843
1357,70,12,FER,2,19,Finished,+2.366
1358,70,16,MCL,3,15,Finished,+5.904
1359,70,19,MCL,4,12,Finished,+35.770
1360,70,17,RBR,5,10,Finished,+56.309
1361,70,26,AMR,6,8,Finished,+93.222
1362,70,23,AT,7,6,Finished,+95.601
1363,70,25,AMR,8,4,Finished,+100.992
1364,70,13,HAS,9,2,Finished,+104.553
1365,70,15,HAS,10,1,Finished,+1 Lap
1366,70,1,WIL,11,0,Finished,+1 Lap
1367,70,3,AT,12,0,Finished,+1 Lap
1368,70,8,ALP,13,0,Finished,+1 Lap
1369,70,18,SAU,14,0,Finished,+1 Lap
1370,70,27,SAU,15,0,Finished,+1 Lap
1371,70,24,ALP,16,0,Finished,+1 Lap
1372,70,22,MER,NULL,0,DNF,NULL
1373,70,11,MER,NULL,0,DNF,NULL
1374,70,10,RBR,NULL,0,DNF,NULL
1375,71,10,RBR,1,26,Finished,01:54:23.566
1376,71,17,RBR,2,18,Finished,+12.535
1377,71,21,FER,3,15,Finished,+20.866
1378,71,12,FER,4,12,Finished,+26.522
1379,71,16,MCL,5,10,Finished,+29.700
1380,71,25,AMR,6,8,Finished,+44.272
1381,71,22,MER,7,6,Finished,+45.951
1382,71,19,MCL,8,4,Finished,+47.525
1383,71,11,MER,9,2,Finished,+48.626
1384,71,23,AT,10,1,Finished,+1 Lap
1385,71,13,HAS,11,0,Finished,+1 Lap
1386,71,26,AMR,12,0,Finished,+1 Lap
1387,71,15,HAS,13,0,Finished,+1 Lap
1388,71,18,SAU,14,0,Finished,+1 Lap
1389,71,24,ALP,15,0,Finished,+1 Lap
1390,71,8,ALP,16,0,Finished,+1 Lap
1391,71,28,WIL,17,0,Finished,+1 Lap
1392,71,27,SAU,NULL,0,DNF,NULL
1393,71,3,AT,NULL,0,DNF,NULL
1394,71,1,WIL,NULL,0,DNF,NULL
1395,72,10,RBR,1,25,Finished,01:40:52.554
1396,72,16,MCL,2,18,Finished,+13.773
1397,72,17,RBR,3,15,Finished,+19.160
1398,72,12,FER,4,12,Finished,+23.623
1399,72,21,FER,5,10,Finished,+33.983
1400,72,22,MER,6,8,Finished,+38.724
1401,72,25,AMR,7,7,Finished,+43.414
1402,72,19,MCL,8,4,Finished,+56.198
1403,72,11,MER,9,2,Finished,+57.986
1404,72,13,HAS,10,1,Finished,+60.476
1405,72,24,ALP,11,0,Finished,+62.812
1406,72,1,WIL,12,0,Finished,+65.506
1407,72,8,ALP,13,0,Finished,+69.223
1408,72,27,SAU,14,0,Finished,+71.689
1409,72,26,AMR,15,0,Finished,+82.786
1410,72,15,HAS,16,0,Finished,+87.533
1411,72,28,WIL,17,0,Finished,+95.110
1412,72,3,AT,NULL,0,DNF,NULL
1413,72,23,AT,NULL,0,DNF,NULL
1414,72,18,SAU,NULL,0,DNF,NULL
1415,73,16,MCL,1,25,Finished,01:30:49.876
1416,73,10,RBR,2,18,Finished,+7.612
1417,73,12,FER,3,15,Finished,+9.920
1418,73,17,RBR,4,12,Finished,+14.650
1419,73,21,FER,5,10,Finished,+16.407
1420,73,11,MER,6,8,Finished,+16.585
1421,73,23,AT,7,6,Finished,+26.185
1422,73,22,MER,8,4,Finished,+34.789
1423,73,25,AMR,9,2,Finished,+37.107
1424,73,24,ALP,10,1,Finished,+39.746
1425,73,13,HAS,11,0,Finished,+40.789
1426,73,8,ALP,12,0,Finished,+44.958
1427,73,19,MCL,13,0,Finished,+49.756
1428,73,27,SAU,14,0,Finished,+49.979
1429,73,3,AT,15,0,Finished,+50.956
1430,73,18,SAU,16,0,Finished,+52.356
1431,73,26,AMR,17,0,Finished,+55.173
1432,73,1,WIL,18,0,Finished,+76.091
1433,73,15,HAS,19,0,Finished,+84.683
1434,73,28,WIL,NULL,0,DNF,NULL
1435,74,10,RBR,1,25,Finished,01:25:25.252
1436,74,16,MCL,2,18,Finished,+0.725
1437,74,12,FER,3,15,Finished,+7.916
1438,74,19,MCL,4,12,Finished,+14.132
1439,74,21,FER,5,10,Finished,+22.325
1440,74,11,MER,6,8,Finished,+35.104
1441,74,22,MER,7,7,Finished,+47.154
1442,74,17,RBR,8,4,Finished,+54.776
1443,74,26,AMR,9,2,Finished,+79.556
1444,74,23,AT,10,1,Finished,+1 Lap
1445,74,13,HAS,11,0,Finished,+1 Lap
1446,74,15,HAS,12,0,Finished,+1 Lap
1447,74,3,AT,13,0,Finished,+1 Lap
1448,74,24,ALP,14,0,Finished,+1 Lap
1449,74,27,SAU,15,0,Finished,+1 Lap
1450,74,8,ALP,16,0,Finished,+1 Lap
1451,74,28,WIL,17,0,Finished,+1 Lap
1452,74,18,SAU,18,0,Finished,+1 Lap
1453,74,25,AMR,19,0,Finished,+1 Lap
1454,74,1,WIL,NULL,0,DNF,NULL
1455,75,12,FER,1,25,Finished,02:23:15.554
1456,75,19,MCL,2,18,Finished,+7.152
1457,75,21,FER,3,15,Finished,+7.585
1458,75,16,MCL,4,12,Finished,+8.650
1459,75,22,MER,5,10,Finished,+13.309
1460,75,10,RBR,6,8,Finished,+13.853
1461,75,11,MER,7,7,Finished,+14.908
1462,75,23,AT,8,4,Finished,+1 Lap
1463,75,1,WIL,9,2,Finished,+1 Lap
1464,75,8,ALP,10,1,Finished,+1 Lap
1465,75,25,AMR,11,0,Finished,+2 Laps
1466,75,3,AT,12,0,Finished,+2 Laps
1467,75,18,SAU,13,0,Finished,+2 Laps
1468,75,26,AMR,14,0,Finished,+2 Laps
1469,75,28,WIL,15,0,Finished,+2 Laps
1470,75,27,SAU,16,0,Finished,+2 Laps
1471,75,24,ALP,NULL,0,DNF,NULL
1472,75,17,RBR,NULL,0,DNF,NULL
1473,75,13,HAS,NULL,0,DNF,NULL
1474,75,15,HAS,NULL,0,DNF,NULL
1475,76,10,RBR,1,25,Finished,01:45:47.927
1476,76,16,MCL,2,18,Finished,+3.879
1477,76,22,MER,3,15,Finished,+4.317
1478,76,11,MER,4,13,Finished,+4.915
1479,76,19,MCL,5,10,Finished,+10.199
1480,76,25,AMR,6,8,Finished,+17.510
1481,76,26,AMR,7,6,Finished,+23.625
1482,76,3,AT,8,4,Finished,+28.672
1483,76,8,ALP,9,2,Finished,+30.021
1484,76,24,ALP,10,1,Finished,+30.313
1485,76,13,HAS,11,0,Finished,+30.824
1486,76,15,HAS,12,0,Finished,+31.253
1487,76,18,SAU,13,0,Finished,+40.487
1488,76,23,AT,14,0,Finished,+52.694
1489,76,27,SAU,15,0,Finished,+1 Lap
1490,76,21,FER,NULL,0,DNF,NULL
1491,76,1,WIL,NULL,0,DNF,NULL
1492,76,17,RBR,NULL,0,DNF,NULL
1493,76,12,FER,NULL,0,DNF,NULL
1494,76,28,WIL,NULL,0,DNF,NULL
1495,77,10,RBR,1,25,Finished,01:28:20.227
1496,77,16,MCL,2,19,Finished,+2.219
1497,77,11,MER,3,15,Finished,+17.790
1498,77,22,MER,4,12,Finished,+22.320
1499,77,12,FER,5,10,Finished,+22.709
1500,77,21,FER,6,8,Finished,+31.028
1501,77,19,MCL,7,6,Finished,+33.760
1502,77,17,RBR,8,4,Finished,+59.524
1503,77,8,ALP,9,2,Finished,+62.025
1504,77,24,ALP,10,1,Finished,+71.889
1505,77,13,HAS,11,0,Finished,+79.215
1506,77,25,AMR,12,0,Finished,+1 Lap
1507,77,27,SAU,13,0,Finished,+1 Lap
1508,77,26,AMR,14,0,Finished,+1 Lap
1509,77,3,AT,15,0,Finished,+1 Lap
1510,77,18,SAU,16,0,Finished,+1 Lap
1511,77,15,HAS,17,0,Finished,+1 Lap
1512,77,1,WIL,18,0,Finished,+1 Lap
1513,77,23,AT,19,0,Finished,+1 Lap
1514,77,28,WIL,20,0,Finished,+2 Laps
1515,78,22,MER,1,25,Finished,01:24:22.798
1516,78,19,MCL,2,18,Finished,+1.906
1517,78,21,FER,3,15,Finished,+4.533
1518,78,11,MER,4,12,Finished,+23.142
1519,78,10,RBR,5,10,Finished,+37.253
1520,78,13,HAS,6,8,Finished,+54.088
1521,78,17,RBR,7,6,Finished,+54.672
1522,78,15,HAS,8,4,Finished,+60.355
1523,78,3,AT,9,2,Finished,+61.169
1524,78,8,ALP,10,1,Finished,+61.766
1525,78,12,FER,11,0,Finished,+67.056
1526,78,24,ALP,12,0,Finished,+68.325
1527,78,26,AMR,13,0,Finished,+1 Lap
1528,78,23,AT,14,0,Finished,+1 Lap
1529,78,1,WIL,15,0,Finished,+1 Lap
1530,78,18,SAU,16,0,Finished,+1 Lap
1531,78,27,SAU,17,0,Finished,+1 Lap
1532,78,25,AMR,18,0,Finished,+1 Lap
1533,78,28,WIL,19,0,Finished,+2 Laps
1534,78,16,MCL,20,0,Finished,+7 Laps
1535,79,11,MER,1,25,Finished,01:22:27.059
1536,79,10,RBR,2,18,Finished,+1.465
1537,79,16,MCL,3,15,Finished,+7.547
1538,79,19,MCL,4,12,Finished,+12.429
1539,79,21,FER,5,11,Finished,+47.318
1540,79,13,HAS,6,8,Finished,+55.722
1541,79,26,AMR,7,6,Finished,+56.569
1542,79,25,AMR,8,4,Finished,+63.577
1543,79,1,WIL,9,2,Finished,+68.387
1544,79,23,AT,10,1,Finished,+79.303
1545,79,28,WIL,11,0,Finished,+88.960
1546,79,15,HAS,12,0,Finished,+90.153
1547,79,3,AT,13,0,Finished,+1 Lap
1548,79,12,FER,14,0,Finished,+1 Lap
1549,79,18,SAU,15,0,Finished,+1 Lap
1550,79,24,ALP,16,0,Finished,+2 Laps
1551,79,17,RBR,17,0,Finished,+2 Laps
1552,79,27,SAU,18,0,Finished,+2 Laps
1553,79,22,MER,NULL,0,DNF,NULL
1554,79,8,ALP,NULL,0,DNS,NULL
1555,80,19,MCL,1,25,Finished,01:38:01.989
1556,80,16,MCL,2,18,Finished,+2.141
1557,80,11,MER,3,15,Finished,+14.880
1558,80,12,FER,4,12,Finished,+19.686
1559,80,10,RBR,5,10,Finished,+21.349
1560,80,21,FER,6,8,Finished,+23.073
1561,80,17,RBR,7,6,Finished,+39.792
1562,80,22,MER,8,5,Finished,+42.368
1563,80,23,AT,9,2,Finished,+77.259
1564,80,26,AMR,10,1,Finished,+77.976
1565,80,25,AMR,11,0,Finished,+82.460
1566,80,3,AT,12,0,Finished,+1 Lap
1567,80,13,HAS,13,0,Finished,+1 Lap
1568,80,1,WIL,14,0,Finished,+1 Lap
1569,80,15,HAS,15,0,Finished,+1 Lap
1570,80,18,SAU,16,0,Finished,+1 Lap
1571,80,28,WIL,17,0,Finished,+1 Lap
1572,80,24,ALP,18,0,Finished,+1 Lap
1573,80,27,SAU,19,0,Finished,+1 Lap
1574,80,8,ALP,NULL,0,DNF,NULL
1575,81,11,MER,1,25,Finished,+0.526
1576,81,19,MCL,2,18,Finished,+1.173
1577,81,12,FER,3,15,Finished,+8.549
1578,81,10,RBR,4,12,Finished,+9.226
1579,81,16,MCL,5,10,Finished,+9.850
1580,81,21,FER,6,8,Finished,+19.795
1581,81,17,RBR,7,7,Finished,+43.195
1582,81,25,AMR,8,4,Finished,+49.963
1583,81,24,ALP,9,2,Finished,+52.552
1584,81,3,AT,10,1,Finished,+54.926
1585,81,26,AMR,11,0,Finished,+63.011
1586,81,1,WIL,12,0,Finished,+63.651
1587,81,8,ALP,13,0,Finished,+64.365
1588,81,15,HAS,14,0,Finished,+66.631
1589,81,18,SAU,15,0,Finished,+70.638
1590,81,23,AT,16,0,Finished,+76.737
1591,81,28,WIL,17,0,Finished,+86.057
1592,81,13,HAS,18,0,Finished,+88.833
1593,81,27,SAU,NULL,0,DNF,NULL
1594,82,16,MCL,1,26,Finished,01:30:45.519
1595,82,10,RBR,2,18,Finished,+22.896
1596,82,12,FER,3,15,Finished,+25.439
1597,82,19,MCL,4,12,Finished,+27.337
1598,82,21,FER,5,10,Finished,+32.137
1599,82,17,RBR,6,8,Finished,+39.542
1600,82,22,MER,7,6,Finished,+44.617
1601,82,11,MER,8,4,Finished,+49.599
1602,82,8,ALP,9,2,Finished,+1 Lap
1603,82,25,AMR,10,1,Finished,+1 Lap
1604,82,13,HAS,11,0,Finished,+1 Lap
1605,82,3,AT,12,0,Finished,+1 Lap
1606,82,26,AMR,13,0,Finished,+1 Lap
1607,82,1,WIL,14,0,Finished,+1 Lap
1608,82,24,ALP,15,0,Finished,+1 Lap
1609,82,28,WIL,16,0,Finished,+1 Lap
1610,82,23,AT,17,0,Finished,+1 Lap
1611,82,15,HAS,18,0,Finished,+1 Lap
1612,82,18,SAU,19,0,Finished,+2 Laps
1613,82,27,SAU,20,0,Finished,+2 Laps
1614,83,12,FER,1,25,Finished,01:14:40.727
1615,83,19,MCL,2,18,Finished,+2.664
1616,83,16,MCL,3,16,Finished,+6.153
1617,83,21,FER,4,12,Finished,+15.621
1618,83,11,MER,5,10,Finished,+22.820
1619,83,10,RBR,6,8,Finished,+37.932
1620,83,22,MER,7,6,Finished,+39.715
1621,83,17,RBR,8,4,Finished,+54.148
1622,83,1,WIL,9,2,Finished,+67.456
1623,83,15,HAS,10,1,Finished,+68.302
1624,83,25,AMR,11,0,Finished,+68.495
1625,83,43,WIL,12,0,Finished,+81.308
1626,83,3,AT,13,0,Finished,+93.452
1627,83,24,ALP,14,0,Finished,+1 Lap
1628,83,8,ALP,15,0,Finished,+1 Lap
1629,83,18,SAU,16,0,Finished,+1 Lap
1630,83,13,HAS,17,0,Finished,+1 Lap
1631,83,27,SAU,18,0,Finished,+1 Lap
1632,83,26,AMR,19,0,Finished,+1 Lap
1633,83,23,AT,NULL,0,DNF,NULL
1634,84,19,MCL,1,25,Finished,01:32:58.007
1635,84,12,FER,2,18,Finished,+10.910
1636,84,22,MER,3,15,Finished,+31.328
1637,84,16,MCL,4,13,Finished,+36.143
1638,84,10,RBR,5,10,Finished,+77.098
1639,84,25,AMR,6,8,Finished,+85.468
1640,84,1,WIL,7,6,Finished,+87.396
1641,84,43,WIL,8,4,Finished,+89.541
1642,84,11,MER,9,2,Finished,+92.401
1643,84,50,HAS,10,1,Finished,+93.127
1644,84,13,HAS,11,0,Finished,+93.465
1645,84,8,ALP,12,0,Finished,+117.189
1646,84,3,AT,13,0,Finished,+146.907
1647,84,27,SAU,14,0,Finished,+148.841
1648,84,24,ALP,15,0,Finished,+1 Lap
1649,84,18,SAU,16,0,Finished,+1 Lap
1650,84,17,RBR,17,0,DNF,NULL
1651,84,21,FER,18,0,DNF,NULL
1652,84,26,AMR,19,0,DNF,NULL
1653,84,23,AT,NULL,0,DNF,NULL
1654,85,16,MCL,1,25,Finished,01:40:52.571
1655,85,10,RBR,2,18,Finished,+20.945
1656,85,19,MCL,3,15,Finished,+41.823
1657,85,22,MER,4,12,Finished,+61.040
1658,85,12,FER,5,10,Finished,+62.430
1659,85,11,MER,6,8,Finished,+85.248
1660,85,21,FER,7,6,Finished,+96.039
1661,85,25,AMR,8,4,Finished,+1 Lap
1662,85,13,HAS,9,2,Finished,+1 Lap
1663,85,17,RBR,10,1,Finished,+1 Lap
1664,85,43,WIL,11,0,Finished,+1 Lap
1665,85,23,AT,12,0,Finished,+1 Lap
1666,85,24,ALP,13,0,Finished,+1 Lap
1667,85,26,AMR,14,0,Finished,+1 Lap
1668,85,27,SAU,15,0,Finished,+1 Lap
1669,85,18,SAU,16,0,Finished,+1 Lap
1670,85,8,ALP,17,0,Finished,+1 Lap
1671,85,3,AT,18,0,Finished,+1 Lap
1672,85,15,HAS,19,0,DNF,NULL
1673,85,1,WIL,NULL,0,DNF,NULL
1674,86,12,FER,1,25,Finished,01:35:09.639
1675,86,21,FER,2,18,Finished,+8.562
1676,86,10,RBR,3,15,Finished,+19.412
1677,86,16,MCL,4,12,Finished,+20.354
1678,86,19,MCL,5,10,Finished,+21.921
1679,86,22,MER,6,8,Finished,+56.295
1680,86,17,RBR,7,6,Finished,+59.072
1681,86,13,HAS,8,4,Finished,+62.957
1682,86,30,AT,9,2,Finished,+70.563
1683,86,43,WIL,10,1,Finished,+71.979
1684,86,15,HAS,11,0,Finished,+79.782
1685,86,8,ALP,12,0,Finished,+90.558
1686,86,25,AMR,13,0,Finished,+1 Lap
1687,86,23,AT,14,0,Finished,+1 Lap
1688,86,26,AMR,15,0,Finished,+1 Lap
1689,86,1,WIL,16,0,Finished,+1 Lap
1690,86,18,SAU,17,0,Finished,+1 Lap
1691,86,24,ALP,18,0,Finished,+1 Lap
1692,86,27,SAU,19,0,Finished,+1 Lap
1693,86,11,MER,NULL,0,DNF,NULL
1694,87,21,FER,1,25,Finished,01:40:55.800
1695,87,16,MCL,2,18,Finished,+4.705
1696,87,12,FER,3,16,Finished,+34.387
1697,87,11,MER,4,12,Finished,+44.780
1698,87,22,MER,5,10,Finished,+48.536
1699,87,10,RBR,6,8,Finished,+59.558
1700,87,15,HAS,7,6,Finished,+63.642
1701,87,19,MCL,8,4,Finished,+64.928
1702,87,13,HAS,9,2,Finished,+1 Lap
1703,87,8,ALP,10,1,Finished,+1 Lap
1704,87,26,AMR,11,0,Finished,+1 Lap
1705,87,43,WIL,12,0,Finished,+1 Lap
1706,87,24,ALP,13,0,Finished,+1 Lap
1707,87,18,SAU,14,0,Finished,+1 Lap
1708,87,27,SAU,15,0,Finished,+1 Lap
1709,87,30,AT,16,0,Finished,+1 Lap
1710,87,17,RBR,17,0,Finished,+1 Lap
1711,87,25,AMR,NULL,0,DNF,NULL
1712,87,1,WIL,NULL,0,DNF,NULL
1713,87,23,AT,NULL,0,DNF,NULL
1714,88,10,RBR,1,26,Finished,02:06:54.430
1715,88,24,ALP,2,18,Finished,+19.477
1716,88,8,ALP,3,15,Finished,+22.532
1717,88,22,MER,4,12,Finished,+23.265
1718,88,12,FER,5,10,Finished,+30.177
1719,88,16,MCL,6,8,Finished,+31.372
1720,88,23,AT,7,6,Finished,+42.056
1721,88,19,MCL,8,4,Finished,+44.943
1722,88,30,AT,9,2,Finished,+50.452
1723,88,11,MER,10,1,Finished,+50.753
1724,88,17,RBR,11,0,Finished,+51.531
1725,88,50,HAS,12,0,Finished,+57.085
1726,88,18,SAU,13,0,Finished,+63.588
1727,88,25,AMR,14,0,Finished,+78.049
1728,88,27,SAU,15,0,Finished,+79.649
1729,88,21,FER,NULL,0,DNF,NULL
1730,88,43,WIL,NULL,0,DNF,NULL
1731,88,1,WIL,NULL,0,DNS,NULL
1732,88,26,AMR,NULL,0,DNS,NULL
1733,88,13,HAS,NULL,0,DSQ,NULL
1734,89,22,MER,1,25,Finished,01:22:05.969
1735,89,11,MER,2,18,Finished,+7.313
1736,89,21,FER,3,15,Finished,+11.906
1737,89,12,FER,4,12,Finished,+14.283
1738,89,10,RBR,5,10,Finished,+16.582
1739,89,16,MCL,6,9,Finished,+43.385
1740,89,19,MCL,7,6,Finished,+51.365
1741,89,13,HAS,8,4,Finished,+59.808
1742,89,23,AT,9,2,Finished,+62.808
1743,89,17,RBR,10,1,Finished,+63.114
1744,89,25,AMR,11,0,Finished,+69.195
1745,89,15,HAS,12,0,Finished,+69.803
1746,89,27,SAU,13,0,Finished,+74.085
1747,89,43,WIL,14,0,Finished,+75.172
1748,89,26,AMR,15,0,Finished,+84.102
1749,89,30,AT,16,0,Finished,+91.005
1750,89,24,ALP,17,0,Finished,+1 Lap
1751,89,18,SAU,18,0,Finished,+1 Lap
1752,89,1,WIL,NULL,0,DNF,NULL
1753,89,8,ALP,NULL,0,DNF,NULL
1754,90,10,RBR,1,25,Finished,01:31:05.323
1755,90,12,FER,2,18,Finished,+6.031
1756,90,19,MCL,3,15,Finished,+6.819
1757,90,22,MER,4,12,Finished,+14.104
1758,90,8,ALP,5,10,Finished,+16.782
1759,90,21,FER,6,8,Finished,+17.476
1760,90,25,AMR,7,6,Finished,+19.867
1761,90,27,SAU,8,4,Finished,+25.360
1762,90,15,HAS,9,2,Finished,+32.177
1763,90,16,MCL,10,2,Finished,+35.762
1764,90,18,SAU,11,0,Finished,+50.243
1765,90,11,MER,12,0,Finished,+56.122
1766,90,23,AT,13,0,Finished,+61.100
1767,90,30,AT,14,0,Finished,+62.656
1768,90,1,WIL,15,0,Finished,+1 Lap
1769,90,13,HAS,NULL,0,DNF,NULL
1770,90,17,RBR,NULL,0,DNF,NULL
1771,90,26,AMR,NULL,0,DNF,NULL
1772,90,43,WIL,NULL,0,DNF,NULL
1773,90,24,ALP,NULL,0,DNF,NULL
1774,91,16,MCL,1,25,Finished,01:26:33.291
1775,91,21,FER,2,18,Finished,+5.832
1776,91,12,FER,3,15,Finished,+31.928
1777,91,11,MER,4,12,Finished,+36.483
1778,91,22,MER,5,10,Finished,+37.538
1779,91,10,RBR,6,8,Finished,+49.847
1780,91,8,ALP,7,6,Finished,+72.560
1781,91,13,HAS,8,4,Finished,+75.554
1782,91,25,AMR,9,2,Finished,+82.373
1783,91,19,MCL,10,1,Finished,+83.821
1784,91,1,WIL,11,0,Finished,+1 Lap
1785,91,23,AT,12,0,Finished,+1 Lap
1786,91,27,SAU,13,0,Finished,+1 Lap
1787,91,26,AMR,14,0,Finished,+1 Lap
1788,91,61,ALP,15,0,Finished,+1 Lap
1789,91,15,HAS,16,0,Finished,+1 Lap
1790,91,30,AT,NULL,0,DNF,NULL
1791,91,18,SAU,NULL,0,DNF,NULL
1792,91,43,WIL,NULL,0,DNF,NULL
1793,91,17,RBR,NULL,0,DNF,NULL
1794,92,16,MCL,1,25,Finished,01:42:06.304
1795,92,10,RBR,2,18,Finished,+0.895
1796,92,22,MER,3,15,Finished,+8.481
1797,92,12,MER,4,12,Finished,+10.135
1798,92,1,WIL,5,10,Finished,+12.773
1799,92,26,AMR,6,8,Finished,+17.413
1800,92,13,SAU,7,6,Finished,+18.423
1801,92,12,FER,8,4,Finished,+19.826
1802,92,19,MCL,9,2,Finished,+20.448
1803,92,11,FER,10,1,Finished,+22.473
1804,92,8,ALP,11,0,Finished,+26.502
1805,92,23,AT,12,0,Finished,+29.884
1806,92,24,HAS,13,0,Finished,+33.161
1807,92,50,HAS,14,0,Finished,+40.351
1808,92,30,RBR,NULL,0,DNF,NULL
1809,92,5,SAU,NULL,0,DNF,NULL
1810,92,25,AMR,NULL,0,DNF,NULL
1811,92,21,WIL,NULL,0,DNF,NULL
1812,92,61,ALP,NULL,0,DNF,NULL
1813,92,6,AT,NULL,0,DNS,NULL
1814,93,19,MCL,1,25,Finished,01:30:55.026
1815,93,16,MCL,2,18,Finished,+9.748
1816,93,22,MER,3,15,Finished,+11.097
1817,93,10,RBR,4,12,Finished,+16.656
1818,93,24,HAS,5,10,Finished,+49.969
1819,93,12,MER,6,8,Finished,+53.748
1820,93,1,WIL,7,6,Finished,+56.321
1821,93,50,HAS,8,4,Finished,+61.303
1822,93,26,AMR,9,2,Finished,+70.204
1823,93,21,WIL,10,1,Finished,+76.387
1824,93,6,AT,11,0,Finished,+78.875
1825,93,30,RBR,12,0,Finished,+81.147
1826,93,61,ALP,13,0,Finished,+88.401
1827,93,5,SAU,14,0,Finished,+1 Lap
1828,93,13,SAU,15,0,Finished,+1 Lap
1829,93,23,AT,16,0,Finished,+1 Lap
1830,93,25,AMR,NULL,0,DNF,NULL
1831,93,12,FER,NULL,0,DSQ,NULL
1832,93,11,FER,NULL,0,DSQ,NULL
1833,93,8,ALP,NULL,0,DSQ,NULL
1834,94,10,RBR,1,25,Finished,01:22:06.983
1835,94,16,MCL,2,18,Finished,+1.423
1836,94,19,MCL,3,15,Finished,+2.129
1837,94,12,FER,4,12,Finished,+16.097
1838,94,22,MER,5,10,Finished,+17.362
1839,94,12,MER,6,8,Finished,+18.671
1840,94,11,FER,7,6,Finished,+29.182
1841,94,6,AT,8,4,Finished,+37.134
1842,94,1,WIL,9,2,Finished,+40.367
1843,94,50,HAS,10,1,Finished,+54.529
1844,94,25,AMR,11,0,Finished,+57.333
1845,94,23,RBR,12,0,Finished,+58.401
1846,94,8,ALP,13,0,Finished,+62.122
1847,94,21,WIL,14,0,Finished,+74.129
1848,94,61,ALP,15,0,Finished,+81.314
1849,94,13,SAU,16,0,Finished,+81.957
1850,94,30,AT,17,0,Finished,+82.734
1851,94,24,HAS,18,0,Finished,+83.438
1852,94,5,SAU,19,0,Finished,+83.897
1853,94,26,AMR,20,0,Finished,+1 Lap
1854,95,19,MCL,1,25,Finished,01:35:39.435
1855,95,22,MER,2,18,Finished,+15.499
1856,95,16,MCL,3,15,Finished,+16.273
1857,95,12,FER,4,12,Finished,+19.679
1858,95,11,FER,5,10,Finished,+27.993
1859,95,10,RBR,6,8,Finished,+34.395
1860,95,8,ALP,7,6,Finished,+36.002
1861,95,24,HAS,8,4,Finished,+44.244
1862,95,23,RBR,9,2,Finished,+45.061
1863,95,50,HAS,10,1,Finished,+47.594
1864,95,12,MER,11,0,Finished,+48.016
1865,95,1,WIL,12,0,Finished,+48.839
1866,95,6,AT,13,0,Finished,+56.314
1867,95,61,ALP,14,0,Finished,+57.806
1868,95,25,AMR,15,0,Finished,+60.340
1869,95,30,AT,16,0,Finished,+64.435
1870,95,26,AMR,17,0,Finished,+65.489
1871,95,5,SAU,18,0,Finished,+66.872
1872,95,21,WIL,NULL,0,DNF,NULL
1873,95,13,SAU,NULL,0,DSQ,NULL
1874,96,19,MCL,1,25,Finished,01:21:06.758
1875,96,10,RBR,2,18,Finished,+2.843
1876,96,12,FER,3,15,Finished,+8.104
1877,96,16,MCL,4,12,Finished,+9.196
1878,96,22,MER,5,10,Finished,+27.236
1879,96,12,MER,6,8,Finished,+34.688
1880,96,11,FER,7,6,Finished,+39.073
1881,96,21,WIL,8,4,Finished,+64.630
1882,96,1,WIL,9,2,Finished,+66.515
1883,96,6,AT,10,1,Finished,+67.091
1884,96,25,AMR,11,0,Finished,+75.917
1885,96,30,AT,12,0,Finished,+78.451
1886,96,50,HAS,13,0,Finished,+79.194
1887,96,24,HAS,14,0,Finished,+99.723
1888,96,13,SAU,15,0,Finished,+1 Lap
1889,96,26,AMR,16,0,Finished,+1 Lap
1890,96,61,ALP,17,0,Finished,+1 Lap
1891,96,5,SAU,18,0,Finished,+1 Lap
1892,96,23,RBR,NULL,0,DNF,NULL
1893,96,8,ALP,NULL,0,DNF,NULL
1894,97,19,MCL,1,25,Finished,01:28:51.587
1895,97,16,MCL,2,18,Finished,+4.630
1896,97,22,MER,3,15,Finished,+37.644
1897,97,10,RBR,4,12,Finished,+39.956
1898,97,1,WIL,5,10,Finished,+48.067
1899,97,12,MER,6,8,Finished,+55.502
1900,97,12,FER,7,6,Finished,+57.036
1901,97,11,FER,8,4,Finished,+60.186
1902,97,21,WIL,9,2,Finished,+60.577
1903,97,23,RBR,10,1,Finished,+74.434
1904,97,6,AT,11,0,Finished,+74.602
1905,97,24,HAS,12,0,Finished,+82.006
1906,97,8,ALP,13,0,Finished,+90.445
1907,97,13,SAU,14,0,Finished,+1 Lap
1908,97,25,AMR,15,0,Finished,+1 Lap
1909,97,26,AMR,16,0,Finished,+1 Lap
1910,97,30,AT,NULL,0,DNF,NULL
1911,97,5,SAU,NULL,0,DNF,NULL
1912,97,50,HAS,NULL,0,DNF,NULL
1913,97,61,ALP,NULL,0,DNF,NULL
1914,98,10,RBR,1,25,Finished,01:31:33.199
1915,98,16,MCL,2,18,Finished,+6.109
1916,98,19,MCL,3,15,Finished,+12.956
1917,98,11,FER,4,12,Finished,+14.356
1918,98,1,WIL,5,10,Finished,+17.945
1919,98,12,FER,6,8,Finished,+20.774
1920,98,22,MER,7,6,Finished,+22.034
1921,98,21,WIL,8,4,Finished,+22.898
1922,98,6,AT,9,2,Finished,+23.586
1923,98,23,RBR,10,1,Finished,+26.446
1924,98,25,AMR,11,0,Finished,+27.250
1925,98,13,SAU,12,0,Finished,+30.296
1926,98,8,ALP,13,0,Finished,+31.424
1927,98,30,AT,14,0,Finished,+32.511
1928,98,26,AMR,15,0,Finished,+32.993
1929,98,43,ALP,16,0,Finished,+33.411
1930,98,50,HAS,17,0,Finished,+33.808
1931,98,5,SAU,18,0,Finished,+38.572
1932,98,12,MER,NULL,0,DNF,NULL
1933,98,24,HAS,NULL,0,DNF,NULL
1934,99,16,MCL,1,25,Finished,01:40:33.843
1935,99,12,FER,2,18,Finished,+3.131
1936,99,19,MCL,3,15,Finished,+3.658
1937,99,10,RBR,4,12,Finished,+20.572
1938,99,11,FER,5,10,Finished,+51.387
1939,99,6,AT,6,8,Finished,+1 Lap
1940,99,24,HAS,7,6,Finished,+1 Lap
1941,99,30,AT,8,4,Finished,+1 Lap
1942,99,1,WIL,9,2,Finished,+2 Laps
1943,99,21,WIL,10,1,Finished,+2 Laps
1944,99,22,MER,11,0,Finished,+2 Laps
1945,99,50,HAS,12,0,Finished,+2 Laps
1946,99,43,ALP,13,0,Finished,+2 Laps
1947,99,5,SAU,14,0,Finished,+2 Laps
1948,99,26,AMR,15,0,Finished,+2 Laps
1949,99,13,SAU,16,0,Finished,+2 Laps
1950,99,23,RBR,17,0,Finished,+2 Laps
1951,99,12,MER,18,0,Finished,+3 Laps
1952,99,25,AMR,NULL,0,DNF,NULL
1953,99,8,ALP,NULL,0,DNF,NULL
1954,100,19,MCL,1,25,Finished,01:32:57.375
1955,100,16,MCL,2,18,Finished,+2.471
1956,100,12,FER,3,15,Finished,+10.455
1957,100,22,MER,4,12,Finished,+11.359
1958,100,13,SAU,5,10,Finished,+13.648
1959,100,11,FER,6,8,Finished,+15.508
1960,100,6,AT,7,6,Finished,+16.022
1961,100,8,ALP,8,4,Finished,+17.882
1962,100,25,AMR,9,2,Finished,+21.564
1963,100,10,RBR,10,1,Finished,+21.826
1964,100,30,AT,11,0,Finished,+25.532
1965,100,5,SAU,12,0,Finished,+25.996
1966,100,23,RBR,13,0,Finished,+28.822
1967,100,21,WIL,14,0,Finished,+29.309
1968,100,43,ALP,15,0,Finished,+31.381
1969,100,24,HAS,16,0,Finished,+32.197
1970,100,50,HAS,17,0,Finished,+37.065
1971,100,12,MER,NULL,0,DNF,NULL
1972,100,1,WIL,NULL,0,DNF,NULL
1973,101,22,MER,1,25,Finished,01:31:52.688
1974,101,10,RBR,2,18,Finished,+0.228
1975,101,12,MER,3,15,Finished,+1.014
1976,101,19,MCL,4,12,Finished,+2.109
1977,101,12,FER,5,10,Finished,+3.442
1978,101,11,FER,6,8,Finished,+10.713
1979,101,25,AMR,7,6,Finished,+10.972
1980,101,13,SAU,8,4,Finished,+15.364
1981,101,24,HAS,9,2,Finished,+1 Lap
1982,101,21,WIL,10,1,Finished,+1 Lap
1983,101,50,HAS,11,0,Finished,+1 Lap
1984,101,23,RBR,12,0,Finished,+1 Lap
1985,101,43,ALP,13,0,Finished,+1 Lap
1986,101,5,SAU,14,0,Finished,+1 Lap
1987,101,8,ALP,15,0,Finished,+1 Lap
1988,101,6,AT,16,0,Finished,+1 Lap
1989,101,26,AMR,17,0,Finished,+1 Lap
1990,101,16,MCL,NULL,0,DNF,NULL
1991,101,30,AT,NULL,0,DNF,NULL
1992,101,1,WIL,NULL,0,DNF,NULL
1993,102,16,MCL,1,25,Finished,01:23:47.693
1994,102,19,MCL,2,18,Finished,+2.695
1995,102,12,FER,3,15,Finished,+19.820
1996,102,11,FER,4,12,Finished,+29.020
1997,102,22,MER,5,10,Finished,+62.396
1998,102,30,AT,6,8,Finished,+67.754
1999,102,25,AMR,7,6,Finished,+1 Lap
2000,102,5,SAU,8,4,Finished,+1 Lap
2001,102,13,SAU,9,2,Finished,+1 Lap
2002,102,24,HAS,10,1,Finished,+1 Lap
2003,102,50,HAS,11,0,Finished,+1 Lap
2004,102,6,AT,12,0,Finished,+1 Lap
2005,102,8,ALP,13,0,Finished,+1 Lap
2006,102,26,AMR,14,0,Finished,+1 Lap
2007,102,43,ALP,15,0,Finished,+1 Lap
2008,102,23,RBR,16,0,Finished,+2 Laps
2009,102,1,WIL,NULL,0,DNF,NULL
2010,102,10,RBR,NULL,0,DNF,NULL
2011,102,12,MER,NULL,0,DNF,NULL
2012,102,21,WIL,NULL,0,DNS,NULL
2013,103,16,MCL,1,25,Finished,01:37:15.735
2014,103,19,MCL,2,18,Finished,+6.812
2015,103,13,SAU,3,15,Finished,+34.742
2016,103,11,FER,4,12,Finished,+39.812
2017,103,10,RBR,5,10,Finished,+56.781
2018,103,8,ALP,6,8,Finished,+59.857
2019,103,26,AMR,7,6,Finished,+60.603
2020,103,1,WIL,8,4,Finished,+64.135
2021,103,25,AMR,9,2,Finished,+65.858
2022,103,22,MER,10,1,Finished,+70.674
2023,103,50,HAS,11,0,Finished,+72.095
2024,103,21,WIL,12,0,Finished,+76.592
2025,103,24,HAS,13,0,Finished,+77.301
2026,103,12,FER,14,0,Finished,+84.477
2027,103,23,RBR,15,0,Finished,+1 Lap
2028,103,12,MER,NULL,0,DNF,NULL
2029,103,6,AT,NULL,0,DNF,NULL
2030,103,5,SAU,NULL,0,DNF,NULL
2031,103,30,AT,NULL,0,DNF,NULL
2032,103,43,ALP,NULL,0,DNS,NULL
2033,104,19,MCL,1,25,Finished,01:25:22.601
2034,104,16,MCL,2,18,Finished,+3.415
2035,104,12,FER,3,15,Finished,+20.185
2036,104,10,RBR,4,12,Finished,+21.731
2037,104,22,MER,5,10,Finished,+34.863
2038,104,1,WIL,6,8,Finished,+39.926
2039,104,11,FER,7,6,Finished,+40.679
2040,104,30,AT,8,4,Finished,+52.033
2041,104,5,SAU,9,2,Finished,+56.434
2042,104,8,ALP,10,1,Finished,+72.714
2043,104,50,HAS,11,0,Finished,+73.145
2044,104,13,SAU,12,0,Finished,+73.628
2045,104,23,RBR,13,0,Finished,+75.395
2046,104,26,AMR,14,0,Finished,+79.831
2047,104,24,HAS,15,0,Finished,+86.063
2048,104,12,MER,16,0,Finished,+86.721
2049,104,25,AMR,17,0,Finished,+87.924
2050,104,21,WIL,18,0,Finished,+92.024
2051,104,43,ALP,19,0,Finished,+95.250
2052,104,6,AT,20,0,Finished,+1 Lap
2053,105,16,MCL,1,25,Finished,01:35:21.231
2054,105,19,MCL,2,18,Finished,+0.698
2055,105,22,MER,3,15,Finished,+21.916
2056,105,12,FER,4,12,Finished,+42.560
2057,105,25,AMR,5,10,Finished,+59.040
2058,105,5,SAU,6,8,Finished,+66.169
2059,105,26,AMR,7,6,Finished,+68.174
2060,105,30,AT,8,4,Finished,+69.451
2061,105,10,RBR,9,2,Finished,+72.645
2062,105,12,MER,10,1,Finished,+1 Lap
2063,105,6,AT,11,0,Finished,+1 Lap
2064,105,11,FER,12,0,Finished,+1 Lap
2065,105,13,SAU,13,0,Finished,+1 Lap
2066,105,21,WIL,14,0,Finished,+1 Lap
2067,105,1,WIL,15,0,Finished,+1 Lap
2068,105,24,HAS,16,0,Finished,+1 Lap
2069,105,23,RBR,17,0,Finished,+1 Lap
2070,105,43,ALP,18,0,Finished,+1 Lap
2071,105,8,ALP,19,0,Finished,+1 Lap
2072,105,50,HAS,NULL,0,DNF,NULL
2073,106,19,MCL,1,25,Finished,01:38:29.849
2074,106,10,RBR,2,18,Finished,+1.271
2075,106,6,AT,3,15,Finished,+3.233
2076,106,22,MER,4,12,Finished,+5.654
2077,106,1,WIL,5,10,Finished,+6.327
2078,106,50,HAS,6,8,Finished,+9.044
2079,106,26,AMR,7,6,Finished,+9.497
2080,106,25,AMR,8,4,Finished,+11.709
2081,106,23,RBR,9,2,Finished,+13.597
2082,106,24,HAS,10,1,Finished,+14.063
2083,106,43,ALP,11,0,Finished,+14.511
2084,106,30,AT,12,0,Finished,+17.063
2085,106,21,WIL,13,0,Finished,+17.376
2086,106,13,SAU,14,0,Finished,+19.725
2087,106,5,SAU,15,0,Finished,+21.565
2088,106,12,MER,16,0,Finished,+22.029
2089,106,8,ALP,17,0,Finished,+23.629
2090,106,16,MCL,NULL,0,DNF,NULL
2091,106,12,FER,NULL,0,DNF,NULL
2092,106,11,FER,NULL,0,DNF,NULL
2093,107,10,RBR,1,25,Finished,01:13:24.325
2094,107,16,MCL,2,18,Finished,+19.207
2095,107,19,MCL,3,15,Finished,+21.351
2096,107,12,FER,4,12,Finished,+25.624
2097,107,22,MER,5,10,Finished,+32.881
2098,107,11,FER,6,8,Finished,+37.449
2099,107,1,WIL,7,6,Finished,+50.537
2100,107,5,SAU,8,4,Finished,+58.484
2101,107,12,MER,9,2,Finished,+59.762
2102,107,6,AT,10,1,Finished,+63.891
2103,107,21,WIL,11,0,Finished,+64.469
2104,107,50,HAS,12,0,Finished,+79.288
2105,107,23,RBR,13,0,Finished,+80.701
2106,107,30,AT,14,0,Finished,+82.351
2107,107,24,HAS,15,0,Finished,+1 Lap
2108,107,8,ALP,16,0,Finished,+1 Lap
2109,107,43,ALP,17,0,Finished,+1 Lap
2110,107,26,AMR,18,0,Finished,+1 Lap
2111,107,25,AMR,NULL,0,DNF,NULL
2112,107,13,SAU,NULL,0,DNS,NULL
2113,108,10,RBR,1,25,Finished,01:33:26.408
2114,108,22,MER,2,18,Finished,+14.609
2115,108,21,WIL,3,15,Finished,+19.199
2116,108,12,MER,4,12,Finished,+21.760
2117,108,30,AT,5,10,Finished,+33.290
2118,108,23,RBR,6,8,Finished,+33.808
2119,108,16,MCL,7,6,Finished,+34.227
2120,108,11,FER,8,4,Finished,+36.310
2121,108,12,FER,9,2,Finished,+36.774
2122,108,6,AT,10,1,Finished,+38.982
2123,108,5,SAU,11,0,Finished,+67.606
2124,108,50,HAS,12,0,Finished,+68.262
2125,108,1,WIL,13,0,Finished,+72.870
2126,108,24,HAS,14,0,Finished,+77.580
2127,108,25,AMR,15,0,Finished,+78.707
2128,108,13,SAU,16,0,Finished,+80.237
2129,108,26,AMR,17,0,Finished,+96.392
2130,108,8,ALP,18,0,Finished,+1 Lap
2131,108,43,ALP,19,0,Finished,+1 Lap
2132,108,19,MCL,NULL,0,DNF,NULL
2133,109,22,MER,1,25,Finished,01:40:22.367
2134,109,10,RBR,2,18,Finished,+5.430
2135,109,16,MCL,3,15,Finished,+6.066
2136,109,19,MCL,4,12,Finished,+8.146
2137,109,12,MER,5,10,Finished,+33.681
2138,109,12,FER,6,8,Finished,+45.996
2139,109,25,AMR,7,6,Finished,+80.667
2140,109,11,FER,8,4,Finished,+85.251
2141,109,50,HAS,9,2,Finished,+93.527
2142,109,21,WIL,10,1,Finished,+1 Lap
2143,109,6,AT,11,0,Finished,+1 Lap
2144,109,23,RBR,12,0,Finished,+1 Lap
2145,109,26,AMR,13,0,Finished,+1 Lap
2146,109,1,WIL,14,0,Finished,+1 Lap
2147,109,30,AT,15,0,Finished,+1 Lap
2148,109,43,ALP,16,0,Finished,+1 Lap
2149,109,5,SAU,17,0,Finished,+1 Lap
2150,109,24,HAS,18,0,Finished,+1 Lap
2151,109,8,ALP,19,0,Finished,+1 Lap
2152,109,13,SAU,20,0,Finished,+1 Lap
2153,110,10,RBR,1,25,Finished,01:34:00.161
2154,110,16,MCL,2,18,Finished,+7.959
2155,110,12,FER,3,15,Finished,+15.373
2156,110,11,FER,4,12,Finished,+28.536
2157,110,19,MCL,5,10,Finished,+29.678
2158,110,22,MER,6,8,Finished,+33.456
2159,110,23,RBR,7,6,Finished,+52.714
2160,110,13,SAU,8,4,Finished,+57.249
2161,110,50,HAS,9,2,Finished,+64.722
2162,110,25,AMR,10,1,Finished,+70.001
2163,110,30,AT,11,0,Finished,+73.209
2164,110,26,AMR,12,0,Finished,+74.778
2165,110,12,MER,13,0,Finished,+75.746
2166,110,1,WIL,14,0,Finished,+80.000
2167,110,24,HAS,15,0,Finished,+83.043
2168,110,6,AT,16,0,Finished,+92.807
2169,110,43,ALP,17,0,Finished,+1 Lap
2170,110,5,SAU,18,0,Finished,+1 Lap
2171,110,8,ALP,19,0,Finished,+1 Lap
2172,110,21,WIL,NULL,0,DNF,NULL
2173,111,16,MCL,1,25,Finished,01:37:58.574
2174,111,12,FER,2,18,Finished,+30.324
2175,111,10,RBR,3,15,Finished,+31.049
2176,111,50,HAS,4,12,Finished,+40.955
2177,111,19,MCL,5,10,Finished,+42.065
2178,111,12,MER,6,8,Finished,+47.837
2179,111,22,MER,7,6,Finished,+50.287
2180,111,11,FER,8,4,Finished,+56.446
2181,111,24,HAS,9,2,Finished,+75.464
2182,111,5,SAU,10,1,Finished,+76.863
2183,111,23,RBR,11,0,Finished,+79.048
2184,111,1,WIL,12,0,Finished,+1 Lap
2185,111,6,AT,13,0,Finished,+1 Lap
2186,111,26,AMR,14,0,Finished,+1 Lap
2187,111,8,ALP,15,0,Finished,+1 Lap
2188,111,43,ALP,16,0,Finished,+1 Lap
2189,111,21,WIL,NULL,0,DNF,NULL
2190,111,25,AMR,NULL,0,DNF,NULL
2191,111,13,SAU,NULL,0,DNF,NULL
2192,111,30,AT,NULL,0,DNF,NULL
2193,112,16,MCL,1,25,Finished,01:32:01.596
2194,112,12,MER,2,18,Finished,+10.388
2195,112,10,RBR,3,15,Finished,+10.750
2196,112,22,MER,4,12,Finished,+15.267
2197,112,19,MCL,5,10,Finished,+15.749
2198,112,50,HAS,6,8,Finished,+29.630
2199,112,30,AT,7,6,Finished,+52.642
2200,112,6,AT,8,4,Finished,+52.873
2201,112,13,SAU,9,2,Finished,+53.324
2202,112,8,ALP,10,1,Finished,+53.914
2203,112,1,WIL,11,0,Finished,+54.184
2204,112,24,HAS,12,0,Finished,+54.696
2205,112,21,WIL,13,0,Finished,+55.420
2206,112,25,AMR,14,0,Finished,+55.766
2207,112,43,ALP,15,0,Finished,+57.777
2208,112,26,AMR,16,0,Finished,+58.247
2209,112,23,RBR,17,0,Finished,+69.176
2210,112,11,FER,NULL,0,DNF,NULL
2211,112,12,FER,NULL,0,DNF,NULL
2212,112,5,SAU,NULL,0,DNF,NULL
2213,113,10,RBR,1,25,Finished,01:21:08.429
2214,113,22,MER,2,18,Finished,+23.546
2215,113,12,MER,3,15,Finished,+30.488
2216,113,12,FER,4,12,Finished,+30.678
2217,113,21,WIL,5,10,Finished,+34.924
2218,113,6,AT,6,8,Finished,+45.257
2219,113,13,SAU,7,6,Finished,+51.134
2220,113,11,FER,8,4,Finished,+59.369
2221,113,24,HAS,9,2,Finished,+60.635
2222,113,50,HAS,10,1,Finished,+70.549
2223,113,25,AMR,11,0,Finished,+85.308
2224,113,23,RBR,12,0,Finished,+86.974
2225,113,8,ALP,13,0,Finished,+91.702
2226,113,30,AT,14,0,Finished,+1 Lap
2227,113,43,ALP,15,0,Finished,+1 Lap
2228,113,1,WIL,NULL,0,DNF,NULL
2229,113,5,SAU,NULL,0,DNF,NULL
2230,113,26,AMR,NULL,0,DNF,NULL
2231,113,16,MCL,NULL,0,DSQ,NULL
2232,113,19,MCL,NULL,0,DSQ,NULL
2233,114,10,RBR,1,25,Finished,01:24:38.241
2234,114,19,MCL,2,18,Finished,+7.995
2235,114,21,WIL,3,15,Finished,+22.665
2236,114,16,MCL,4,12,Finished,+23.315
2237,114,12,MER,5,10,Finished,+28.317
2238,114,22,MER,6,8,Finished,+48.599
2239,114,25,AMR,7,6,Finished,+54.045
2240,114,12,FER,8,4,Finished,+56.785
2241,114,30,AT,9,2,Finished,+60.073
2242,114,23,RBR,10,1,Finished,+61.770
2243,114,1,WIL,11,0,Finished,+66.931
2244,114,11,FER,12,0,Finished,+77.730
2245,114,5,SAU,13,0,Finished,+84.812
2246,114,43,ALP,14,0,Finished,+1 Lap
2247,114,24,HAS,15,0,Finished,+1 Lap
2248,114,8,ALP,16,0,Finished,+1 Lap
2249,114,26,AMR,17,0,DNF,NULL
2250,114,6,AT,18,0,DNF,NULL
2251,114,50,HAS,NULL,0,DNF,NULL
2252,114,13,SAU,NULL,0,DNF,NULL
2253,115,10,RBR,1,25,Finished,01:26:07.469
2254,115,19,MCL,2,18,Finished,+12.594
2255,115,16,MCL,3,15,Finished,+16.572
2256,115,12,FER,4,12,Finished,+23.279
2257,115,22,MER,5,10,Finished,+48.563
2258,115,25,AMR,6,8,Finished,+67.562
2259,115,24,HAS,7,6,Finished,+69.876
2260,115,11,FER,8,4,Finished,+72.670
2261,115,13,SAU,9,2,Finished,+79.014
2262,115,26,AMR,10,1,Finished,+79.523
2263,115,5,SAU,11,0,Finished,+81.043
2264,115,50,HAS,12,0,Finished,+81.166
2265,115,21,WIL,13,0,Finished,+82.158
2266,115,23,RBR,14,0,Finished,+83.794
2267,115,12,MER,15,0,Finished,+84.399
2268,115,1,WIL,16,0,Finished,+90.327
2269,115,6,AT,17,0,Finished,+1 Lap
2270,115,30,AT,18,0,Finished,+1 Lap
2271,115,8,ALP,19,0,Finished,+1 Lap
2272,115,43,ALP,20,0,Finished,+1 Lap
2273,116,22,MER,1,25,Finished,01:23:06.801
2274,116,2,MER,2,18,Finished,+2.974
2275,116,12,FER,3,15,Finished,+15.519
2276,116,11,FER,4,12,Finished,+16.144
2277,116,16,MCL,5,10,Finished,+51.741
2278,116,10,RBR,6,8,Finished,+54.617
2279,116,50,HAS,7,6,Finished,+1 Lap
2280,116,41,AT,8,4,Finished,+1 Lap
2281,116,5,SAU,9,2,Finished,+1 Lap
2282,116,8,ALP,10,1,Finished,+1 Lap
2283,116,24,HAS,11,0,Finished,+1 Lap
2284,116,1,WIL,12,0,Finished,+1 Lap
2285,116,30,AT,13,0,Finished,+1 Lap
2286,116,43,ALP,14,0,Finished,+2 Laps
2287,116,21,WIL,15,0,Finished,+2 Laps
2288,116,11,CAD,16,0,Finished,+3 Laps
2289,116,26,AMR,NULL,0,DNF,NULL
2290,116,25,AMR,NULL,0,DNF,NULL
2291,116,13,CAD,NULL,0,DNF,NULL
2292,116,6,RBR,NULL,0,DNF,NULL
2293,116,19,MCL,NULL,0,DNS,NULL
2294,116,13,SAU,NULL,0,DNS,NULL
2295,117,2,MER,1,25,Finished,01:33:15.607
2296,117,22,MER,2,18,Finished,+5.515
2297,117,11,FER,3,15,Finished,+25.267
2298,117,12,FER,4,12,Finished,+28.894
2299,117,50,HAS,5,10,Finished,+57.268
2300,117,8,ALP,6,8,Finished,+59.647
2301,117,30,AT,7,6,Finished,+80.588
2302,117,6,RBR,8,4,Finished,+87.247
2303,117,21,WIL,9,2,Finished,+1 Lap
2304,117,43,ALP,10,1,Finished,+1 Lap
2305,117,13,SAU,11,0,Finished,+1 Lap
2306,117,41,AT,12,0,Finished,+1 Lap
2307,117,13,CAD,13,0,Finished,+1 Lap
2308,117,24,HAS,14,0,Finished,+1 Lap
2309,117,11,CAD,15,0,Finished,+1 Lap
2310,117,10,RBR,NULL,0,DNF,NULL
2311,117,25,AMR,NULL,0,DNF,NULL
2312,117,26,AMR,NULL,0,DNF,NULL
2313,117,19,MCL,NULL,0,DNS,NULL
2314,117,16,MCL,NULL,0,DNS,NULL
2315,117,5,SAU,NULL,0,DNS,NULL
2316,117,1,WIL,NULL,0,DNS,NULL
2317,118,2,MER,1,25,Finished,01:28:03.403
2318,118,19,MCL,2,18,Finished,+13.722
2319,118,12,FER,3,15,Finished,+15.270
2320,118,22,MER,4,12,Finished,+15.754
2321,118,16,MCL,5,10,Finished,+23.479
2322,118,11,FER,6,8,Finished,+25.037
2323,118,8,ALP,7,6,Finished,+32.340
2324,118,10,RBR,8,4,Finished,+32.677
2325,118,30,AT,9,2,Finished,+50.180
2326,118,24,HAS,10,1,Finished,+51.216
2327,118,13,SAU,11,0,Finished,+52.280
2328,118,6,RBR,12,0,Finished,+56.154
2329,118,5,SAU,13,0,Finished,+59.078
2330,118,41,AT,14,0,Finished,+59.848
2331,118,21,WIL,15,0,Finished,+65.008
2332,118,43,ALP,16,0,Finished,+65.773
2333,118,11,CAD,17,0,Finished,+92.453
2334,118,25,AMR,18,0,Finished,+1 Lap
2335,118,13,CAD,19,0,Finished,+1 Lap
2336,118,1,WIL,20,0,Finished,+2 Laps
2337,118,26,AMR,NULL,0,DNF,NULL
2338,118,50,HAS,NULL,0,DNF,NULL